"id"	"kind"	"owner"	"expression"
1	"helper_entry"	"char_intersect"	"NULL"
2	"helper_entry"	"char_setdiff"	"NULL"
3	"helper_entry"	"char_union"	"NULL"
4	"helper_entry"	"return_entries"	"NULL"
5	"if"	"return_entries"	"!length(entries)"
6	"if"	"simplify_cnf"	"is.logical(entries)"
7	"actual_write"	"simplify_cnf"	"entries"
8	"decision_=="	"simplify_cnf"	"lengths(entries) == 1L"
9	"helper_entry"	"register_unit"	"NULL"
10	"if"	"register_unit"	"!length(unit_isct)"
11	"actual_write"	"register_unit"	"entries[[ur]][[1L]]"
12	"if"	"register_unit"	"is.null(ur)"
13	"decision_=="	"register_unit"	"length(unit_domains[[nu]]) == length(unit[[1L]])"
14	"&&_left"	"register_unit"	"!is.null(is_not_subset_of)"
15	"&&_right"	"register_unit"	"length(unit_domains[[nu]]) == length(unit[[1L]])"
16	"decision_<="	"register_unit"	"unit_idx_meta <= meta_idx_outer"
17	"if"	"register_unit"	"use_inso"
18	"if"	"register_unit"	"!is.null(is_not_subset_of) && length(unit_domains[[nu]]) == length(unit[[1L]])"
19	"for_sequence"	"register_unit"	"symbol_registry[[nu]]"
20	"for_iteration"	"register_unit"	"s_clause_idx"
21	"if"	"register_unit"	"eliminated[[s_clause_idx]]"
22	"decision_<="	"register_unit"	"s_clause_idx_meta <= meta_idx_outer"
23	"&&_left"	"register_unit"	"s_clause_idx_meta <= meta_idx_outer"
24	"&&_right"	"register_unit"	"inso_column[[s_clause_idx_meta]]"
25	"&&_left"	"register_unit"	"s_clause_idx_meta <= meta_idx_outer && inso_column[[s_clause_idx_meta]]"
26	"&&_right"	"register_unit"	"!is_not_subset_of[[s_clause_idx_meta]][unit_idx_meta, nu]"
27	"if"	"register_unit"	"s_clause_idx_meta <= meta_idx_outer && inso_column[[s_clause_idx_meta]] && !is_not_subset_of[[s_clause_idx_meta]][unit_idx_meta, nu]"
28	"if"	"register_unit"	"use_inso"
29	"if"	"register_unit"	"identical(adr, TRUE)"
30	"helper_entry"	"apply_domain_restriction"	"NULL"
31	"if"	"apply_domain_restriction"	"is.na(symbol_idx)"
32	"decision_=="	"apply_domain_restriction"	"length(clause[[symbol_idx]]) == length(restringent)"
33	"if"	"apply_domain_restriction"	"length(clause[[symbol_idx]]) == length(restringent)"
34	"decision_=="	"apply_domain_restriction"	"length(clause[[symbol_idx]]) == clause_symbol_length_before"
35	"if"	"apply_domain_restriction"	"length(clause[[symbol_idx]]) == clause_symbol_length_before"
36	"if"	"apply_domain_restriction"	"!length(clause[[symbol_idx]])"
37	"actual_write"	"apply_domain_restriction"	"entries[[clause_idx]]"
38	"if"	"apply_domain_restriction"	"is.null(is_not_subset_of)"
39	"decision_>"	"apply_domain_restriction"	"meta_idx > meta_idx_outer"
40	"if"	"apply_domain_restriction"	"meta_idx > meta_idx_outer"
41	"for_sequence"	"apply_domain_restriction"	"idx_to_check"
42	"for_iteration"	"apply_domain_restriction"	"other_meta_idx"
43	"decision_all"	"apply_domain_restriction"	"all(entries[[available[[other_meta_idx]]]][[symbol]] %in% entries[[clause_idx]][[symbol]])"
44	"&&_left"	"apply_domain_restriction"	"!is_not_subset_of[[other_meta_idx]][meta_idx, symbol]"
45	"&&_right"	"apply_domain_restriction"	"!all(entries[[available[[other_meta_idx]]]][[symbol]] %in% entries[[clause_idx]][[symbol]])"
46	"if"	"apply_domain_restriction"	"!is_not_subset_of[[other_meta_idx]][meta_idx, symbol] && !all(entries[[available[[other_meta_idx]]]][[symbol]] %in% entries[[clause_idx]][[symbol]])"
47	"if"	"apply_domain_restriction"	"!is_unit_propagation"
48	"for_sequence"	"apply_domain_restriction"	"rows_to_check"
49	"for_iteration"	"apply_domain_restriction"	"other_meta_idx"
50	"||_left"	"apply_domain_restriction"	"eliminated[[clause_idx_other]]"
51	"||_right"	"apply_domain_restriction"	"is_unit[[clause_idx_other]]"
52	"if"	"apply_domain_restriction"	"eliminated[[clause_idx_other]] || is_unit[[clause_idx_other]]"
53	"decision_all"	"apply_domain_restriction"	"all(entries[[clause_idx]][[symbol]] %in% other_clause_range)"
54	"if"	"apply_domain_restriction"	"!all(entries[[clause_idx]][[symbol]] %in% other_clause_range)"
55	"if"	"apply_domain_restriction"	"!is_not_subset_of[[meta_idx]][other_meta_idx, is_not_subset_of_col]"
56	"decision_>"	"apply_domain_restriction"	"rowsum > 1L + second_order_enabled"
57	"if"	"apply_domain_restriction"	"rowsum > 1L + second_order_enabled"
58	"if"	"apply_domain_restriction"	"identical(ousr, TRUE)"
59	"||_left"	"apply_domain_restriction"	"eliminated[[clause_idx]]"
60	"||_right"	"apply_domain_restriction"	"is_unit[[clause_idx]]"
61	"if"	"apply_domain_restriction"	"eliminated[[clause_idx]] || is_unit[[clause_idx]]"
62	"if"	"apply_domain_restriction"	"second_order_enabled"
63	"helper_entry"	"eliminate_symbol_from_clause"	"NULL"
64	"if"	"eliminate_symbol_from_clause"	"!length(clause)"
65	"decision_!="	"eliminate_symbol_from_clause"	"sr != clause_idx"
66	"actual_write"	"eliminate_symbol_from_clause"	"entries[[clause_idx]]"
67	"decision_=="	"eliminate_symbol_from_clause"	"length(clause) == 1"
68	"decision_!="	"eliminate_symbol_from_clause"	"sr != clause_idx"
69	"if"	"eliminate_symbol_from_clause"	"register_unit(clause_idx)"
70	"if"	"eliminate_symbol_from_clause"	"length(clause) == 1"
71	"if"	"eliminate_symbol_from_clause"	"is.null(is_not_subset_of)"
72	"decision_>"	"eliminate_symbol_from_clause"	"meta_idx > meta_idx_outer"
73	"if"	"eliminate_symbol_from_clause"	"meta_idx > meta_idx_outer"
74	"for_sequence"	"eliminate_symbol_from_clause"	"others_ref_this_symbol[!is.na(not_subset_count[others_ref_this_symbol, meta_idx])]"
75	"for_iteration"	"eliminate_symbol_from_clause"	"meta_idx_other"
76	"if"	"eliminate_symbol_from_clause"	"!is_not_subset_of[[meta_idx_other]][meta_idx, symbol]"
77	"for_sequence"	"eliminate_symbol_from_clause"	"rows_changed[!eliminated[rows_changed_ids] & !is_unit[rows_changed_ids] & rows_changed <= meta_idx_outer]"
78	"decision_<="	"eliminate_symbol_from_clause"	"rows_changed <= meta_idx_outer"
79	"for_iteration"	"eliminate_symbol_from_clause"	"meta_idx_other"
80	"||_left"	"eliminate_symbol_from_clause"	"eliminated[[clause_idx_other]]"
81	"||_right"	"eliminate_symbol_from_clause"	"is_unit[[clause_idx_other]]"
82	"if"	"eliminate_symbol_from_clause"	"eliminated[[clause_idx_other]] || is_unit[[clause_idx_other]]"
83	"decision_>"	"eliminate_symbol_from_clause"	"not_subset_count[meta_idx, meta_idx_other] > 1L + second_order_enabled"
84	"if"	"eliminate_symbol_from_clause"	"not_subset_count[meta_idx, meta_idx_other] > 1L + second_order_enabled"
85	"if"	"eliminate_symbol_from_clause"	"identical(ousr, TRUE)"
86	"||_left"	"eliminate_symbol_from_clause"	"eliminated[[clause_idx]]"
87	"||_right"	"eliminate_symbol_from_clause"	"is_unit[[clause_idx]]"
88	"if"	"eliminate_symbol_from_clause"	"eliminated[[clause_idx]] || is_unit[[clause_idx]]"
89	"helper_entry"	"on_updated_subset_relations"	"NULL"
90	"decision_>"	"on_updated_subset_relations"	"rowsum > 1L + second_order_enabled"
91	"if"	"on_updated_subset_relations"	"rowsum > 1L + second_order_enabled"
92	"decision_=="	"on_updated_subset_relations"	"rowsum == 2L"
93	"if"	"on_updated_subset_relations"	"identical(hs2oo, TRUE)"
94	"||_left"	"on_updated_subset_relations"	"eliminated[[clause_other]]"
95	"||_right"	"on_updated_subset_relations"	"is_unit[[clause_other]]"
96	"if"	"on_updated_subset_relations"	"eliminated[[clause_other]] || is_unit[[clause_other]]"
97	"if"	"on_updated_subset_relations"	"rowsum == 2L"
98	"decision_=="	"on_updated_subset_relations"	"rowsum == 0"
99	"if"	"on_updated_subset_relations"	"rowsum == 0"
100	"if"	"on_updated_subset_relations"	"is.null(adr)"
101	"if"	"on_updated_subset_relations"	"adr"
102	"if"	"on_updated_subset_relations"	"!second_order_enabled"
103	"if"	"on_updated_subset_relations"	"!second_order_only"
104	"if"	"on_updated_subset_relations"	"!second_order_enabled_matrix[meta_idx, meta_idx_other]"
105	"||_left"	"on_updated_subset_relations"	"eliminated[[clause_idx]]"
106	"||_right"	"on_updated_subset_relations"	"is_unit[[clause_idx]]"
107	"if"	"on_updated_subset_relations"	"eliminated[[clause_idx]] || is_unit[[clause_idx]]"
108	"if"	"on_updated_subset_relations"	"identical(hs2oo, TRUE)"
109	"||_left"	"on_updated_subset_relations"	"eliminated[[clause_other]]"
110	"||_right"	"on_updated_subset_relations"	"is_unit[[clause_other]]"
111	"if"	"on_updated_subset_relations"	"eliminated[[clause_other]] || is_unit[[clause_other]]"
112	"helper_entry"	"on_update_range"	"NULL"
113	"decision_=="	"on_update_range"	"not_subset_count[meta_idx, potential_targets] == 1L"
114	"for_sequence"	"on_update_range"	"targets_while_oneend"
115	"for_iteration"	"on_update_range"	"meta_idx_target"
116	"if"	"on_update_range"	"!second_order_enabled_matrix[meta_idx, meta_idx_target]"
117	"if"	"on_update_range"	"is.null(hs2oo)"
118	"if"	"on_update_range"	"hs2oo"
119	"decision_=="	"on_update_range"	"not_subset_count[meta_idx, potential_targets] == 2L"
120	"for_sequence"	"on_update_range"	"targets_while_twoend"
121	"for_iteration"	"on_update_range"	"meta_idx_target"
122	"if"	"on_update_range"	"!second_order_enabled_matrix[meta_idx, meta_idx_target]"
123	"if"	"on_update_range"	"is.null(hs2oo)"
124	"if"	"on_update_range"	"hs2oo"
125	"helper_entry"	"handle_sse_2nd_order_oneend"	"NULL"
126	"||_left"	"handle_sse_2nd_order_oneend"	"eliminated[[clause_idx_target]]"
127	"||_right"	"handle_sse_2nd_order_oneend"	"is_unit[[clause_idx_target]]"
128	"if"	"handle_sse_2nd_order_oneend"	"eliminated[[clause_idx_target]] || is_unit[[clause_idx_target]]"
129	"decision_=="	"handle_sse_2nd_order_oneend"	"not_subset_count[symbol_clauses_meta, meta_idx_target] == 2L"
130	"for_sequence"	"handle_sse_2nd_order_oneend"	"twoends[!is.na(twoends)]"
131	"for_iteration"	"handle_sse_2nd_order_oneend"	"meta_idx_twoend"
132	"decision_!="	"handle_sse_2nd_order_oneend"	"not_subset_count[meta_idx, meta_idx_target] != 1L"
133	"||_left"	"handle_sse_2nd_order_oneend"	"not_subset_count[meta_idx, meta_idx_target] != 1L"
134	"||_right"	"handle_sse_2nd_order_oneend"	"!is_not_subset_of[[meta_idx]][meta_idx_target, inso_symbol_col]"
135	"if"	"handle_sse_2nd_order_oneend"	"not_subset_count[meta_idx, meta_idx_target] != 1L || !is_not_subset_of[[meta_idx]][meta_idx_target, inso_symbol_col]"
136	"||_left"	"handle_sse_2nd_order_oneend"	"eliminated[[clause_idx_twoend]]"
137	"||_right"	"handle_sse_2nd_order_oneend"	"is_unit[[clause_idx_twoend]]"
138	"decision_!="	"handle_sse_2nd_order_oneend"	"not_subset_count[meta_idx_twoend, meta_idx_target] != 2L"
139	"||_left"	"handle_sse_2nd_order_oneend"	"eliminated[[clause_idx_twoend]] || is_unit[[clause_idx_twoend]]"
140	"||_right"	"handle_sse_2nd_order_oneend"	"not_subset_count[meta_idx_twoend, meta_idx_target] != 2L"
141	"if"	"handle_sse_2nd_order_oneend"	"eliminated[[clause_idx_twoend]] || is_unit[[clause_idx_twoend]] || not_subset_count[meta_idx_twoend, meta_idx_target] != 2L"
142	"decision_!="	"handle_sse_2nd_order_oneend"	"symbol_target != symbol"
143	"decision_!="	"handle_sse_2nd_order_oneend"	"length(symbol_target) != 1L"
144	"if"	"handle_sse_2nd_order_oneend"	"length(symbol_target) != 1L"
145	"if"	"handle_sse_2nd_order_oneend"	"!symbol_target %in% names(entries[[clause_idx_target]])"
146	"if"	"handle_sse_2nd_order_oneend"	"identical(ts2o, TRUE)"
147	"||_left"	"handle_sse_2nd_order_oneend"	"eliminated[[clause_idx]]"
148	"||_right"	"handle_sse_2nd_order_oneend"	"is_unit[[clause_idx]]"
149	"if"	"handle_sse_2nd_order_oneend"	"eliminated[[clause_idx]] || is_unit[[clause_idx]]"
150	"if"	"handle_sse_2nd_order_oneend"	"is.null(ts2o)"
151	"helper_entry"	"handle_sse_2nd_order_twoend"	"NULL"
152	"||_left"	"handle_sse_2nd_order_twoend"	"eliminated[[clause_idx_target]]"
153	"||_right"	"handle_sse_2nd_order_twoend"	"is_unit[[clause_idx_target]]"
154	"decision_!="	"handle_sse_2nd_order_twoend"	"not_subset_count[meta_idx, meta_idx_target] != 2"
155	"||_left"	"handle_sse_2nd_order_twoend"	"eliminated[[clause_idx_target]] || is_unit[[clause_idx_target]]"
156	"||_right"	"handle_sse_2nd_order_twoend"	"not_subset_count[meta_idx, meta_idx_target] != 2"
157	"if"	"handle_sse_2nd_order_twoend"	"eliminated[[clause_idx_target]] || is_unit[[clause_idx_target]] || not_subset_count[meta_idx, meta_idx_target] != 2"
158	"&&_left"	"handle_sse_2nd_order_twoend"	"!is.null(symbol)"
159	"&&_right"	"handle_sse_2nd_order_twoend"	"!symbol %in% symbols_twoend"
160	"if"	"handle_sse_2nd_order_twoend"	"!is.null(symbol) && !symbol %in% symbols_twoend"
161	"for_sequence"	"handle_sse_2nd_order_twoend"	"1:2"
162	"for_iteration"	"handle_sse_2nd_order_twoend"	"symbol_inner_idx"
163	"if"	"handle_sse_2nd_order_twoend"	"!symbol_other %in% names(entries[[clause_idx_target]])"
164	"decision_<="	"handle_sse_2nd_order_twoend"	"not_subset_count[symbol_inner_clauses_meta, meta_idx_target] <= 2L"
165	"for_sequence"	"handle_sse_2nd_order_twoend"	"oneends[!is.na(oneends)]"
166	"for_iteration"	"handle_sse_2nd_order_twoend"	"meta_idx_oneend"
167	"decision_!="	"handle_sse_2nd_order_twoend"	"not_subset_count[meta_idx, meta_idx_target] != 2"
168	"decision_all"	"handle_sse_2nd_order_twoend"	"all(is_not_subset_of[[meta_idx]][meta_idx_target, inso_symbols_cols])"
169	"||_left"	"handle_sse_2nd_order_twoend"	"not_subset_count[meta_idx, meta_idx_target] != 2"
170	"||_right"	"handle_sse_2nd_order_twoend"	"!all(is_not_subset_of[[meta_idx]][meta_idx_target, inso_symbols_cols])"
171	"if"	"handle_sse_2nd_order_twoend"	"not_subset_count[meta_idx, meta_idx_target] != 2 || !all(is_not_subset_of[[meta_idx]][meta_idx_target, inso_symbols_cols])"
172	"||_left"	"handle_sse_2nd_order_twoend"	"eliminated[[clause_idx_oneend]]"
173	"||_right"	"handle_sse_2nd_order_twoend"	"is_unit[[clause_idx_oneend]]"
174	"if"	"handle_sse_2nd_order_twoend"	"eliminated[[clause_idx_oneend]] || is_unit[[clause_idx_oneend]]"
175	"decision_!="	"handle_sse_2nd_order_twoend"	"not_subset_count[meta_idx_oneend, meta_idx_target] != sum(is_not_subset_of[[meta_idx_oneend]][meta_idx_target, symbols_twoend_idx])"
176	"if"	"handle_sse_2nd_order_twoend"	"not_subset_count[meta_idx_oneend, meta_idx_target] != sum(is_not_subset_of[[meta_idx_oneend]][meta_idx_target, symbols_twoend_idx])"
177	"if"	"handle_sse_2nd_order_twoend"	"!symbol_other %in% names(entries[[clause_idx_target]])"
178	"if"	"handle_sse_2nd_order_twoend"	"identical(ts2o, TRUE)"
179	"||_left"	"handle_sse_2nd_order_twoend"	"eliminated[[clause_idx]]"
180	"||_right"	"handle_sse_2nd_order_twoend"	"is_unit[[clause_idx]]"
181	"if"	"handle_sse_2nd_order_twoend"	"eliminated[[clause_idx]] || is_unit[[clause_idx]]"
182	"if"	"handle_sse_2nd_order_twoend"	"is.null(ts2o)"
183	"helper_entry"	"try_sse_2nd_order"	"NULL"
184	"decision_all"	"try_sse_2nd_order"	"all(is_not_subset_of[[meta_idx_target]][c(meta_idx_oneend, meta_idx_twoends), symbol_target])"
185	"if"	"try_sse_2nd_order"	"!all(is_not_subset_of[[meta_idx_target]][c(meta_idx_oneend, meta_idx_twoends), symbol_target])"
186	"decision_any"	"try_sse_2nd_order"	"any(clause_oneend_symbol_intersect %in% clause_twoends[[symbol_intersect]] & !clause_oneend_symbol_intersect %in% entries[[idx_target]][[symbol_intersect]])"
187	"if"	"try_sse_2nd_order"	"any(clause_oneend_symbol_intersect %in% clause_twoends[[symbol_intersect]] & !clause_oneend_symbol_intersect %in% entries[[idx_target]][[symbol_intersect]])"
188	"helper_entry"	"eliminate_clause_update_sr"	"NULL"
189	"if"	"eliminate_clause_update_sr"	"is_unit[[clause_idx]]"
190	"for_sequence"	"eliminate_clause_update_sr"	"names(entries[[clause_idx]])"
191	"for_iteration"	"eliminate_clause_update_sr"	"s"
192	"decision_!="	"eliminate_clause_update_sr"	"sr != clause_idx"
193	"for_sequence"	"simplify_cnf"	"unit_queue"
194	"for_iteration"	"simplify_cnf"	"unit_idx"
195	"if"	"simplify_cnf"	"register_unit(unit_idx)"
196	"decision_=="	"simplify_cnf"	"length(unit_queue) == length(entries)"
197	"if"	"simplify_cnf"	"length(unit_queue) == length(entries)"
198	"for_sequence"	"simplify_cnf"	"seq.int(length(unit_queue) + 1L, length(entries))"
199	"for_iteration"	"simplify_cnf"	"clause_idx"
200	"for_sequence"	"simplify_cnf"	"clause_symbol_isct"
201	"for_iteration"	"simplify_cnf"	"symbol"
202	"if"	"simplify_cnf"	"is.null(adr)"
203	"if"	"simplify_cnf"	"adr"
204	"||_left"	"simplify_cnf"	"eliminated[[clause_idx]]"
205	"||_right"	"simplify_cnf"	"is_unit[[clause_idx]]"
206	"if"	"simplify_cnf"	"eliminated[[clause_idx]] || is_unit[[clause_idx]]"
207	"for_sequence"	"simplify_cnf"	"names(entries[[clause_idx]])"
208	"for_iteration"	"simplify_cnf"	"symbol"
209	"if"	"simplify_cnf"	"is.null(sr_entry)"
210	"for_sequence"	"simplify_cnf"	"seq_along(available)"
211	"for_iteration"	"simplify_cnf"	"meta_idx_outer"
212	"||_left"	"simplify_cnf"	"eliminated[[clause_idx]]"
213	"||_right"	"simplify_cnf"	"is_unit[[clause_idx]]"
214	"if"	"simplify_cnf"	"eliminated[[clause_idx]] || is_unit[[clause_idx]]"
215	"for_sequence"	"simplify_cnf"	"seq_len(meta_idx_outer - 1L)"
216	"for_iteration"	"simplify_cnf"	"meta_idx_inner"
217	"||_left"	"simplify_cnf"	"eliminated[[clause_idx_inner]]"
218	"||_right"	"simplify_cnf"	"is_unit[[clause_idx_inner]]"
219	"if"	"simplify_cnf"	"eliminated[[clause_idx_inner]] || is_unit[[clause_idx_inner]]"
220	"decision_!="	"simplify_cnf"	"sci_sc_map != 0L"
221	"for_sequence"	"simplify_cnf"	"sci_names_in_common"
222	"for_iteration"	"simplify_cnf"	"symbol_idx_inner"
223	"decision_all"	"simplify_cnf"	"all(range_inner %in% range_outer)"
224	"decision_=="	"simplify_cnf"	"length(range_outer) == length(range_inner)"
225	"&&_left"	"simplify_cnf"	"inner_subset_of_outer"
226	"&&_right"	"simplify_cnf"	"length(range_outer) == length(range_inner)"
227	"decision_all"	"simplify_cnf"	"all(range_outer %in% range_inner)"
228	"||_left"	"simplify_cnf"	"(inner_subset_of_outer && length(range_outer) == length(range_inner))"
229	"||_right"	"simplify_cnf"	"all(range_outer %in% range_inner)"
230	"if"	"simplify_cnf"	"inner_subset_of_outer"
231	"if"	"simplify_cnf"	"outer_subset_of_inner"
232	"decision_<="	"simplify_cnf"	"rowsum <= 1"
233	"if"	"simplify_cnf"	"is.null(ousr)"
234	"if"	"simplify_cnf"	"ousr"
235	"||_left"	"simplify_cnf"	"eliminated[[clause_idx_inner]]"
236	"||_right"	"simplify_cnf"	"is_unit[[clause_idx_inner]]"
237	"if"	"simplify_cnf"	"eliminated[[clause_idx_inner]] || is_unit[[clause_idx_inner]]"
238	"if"	"simplify_cnf"	"rowsum <= 1"
239	"decision_<="	"simplify_cnf"	"rowsum <= 1"
240	"if"	"simplify_cnf"	"identical(ousr, TRUE)"
241	"||_left"	"simplify_cnf"	"eliminated[[clause_idx]]"
242	"||_right"	"simplify_cnf"	"is_unit[[clause_idx]]"
243	"if"	"simplify_cnf"	"eliminated[[clause_idx]] || is_unit[[clause_idx]]"
244	"if"	"simplify_cnf"	"is.null(ousr)"
245	"if"	"simplify_cnf"	"rowsum <= 1"
246	"decision_!="	"simplify_cnf"	"not_subset_count != 2L"
247	"for_sequence"	"simplify_cnf"	"seq_len(nrow(sse_to_trigger))"
248	"for_iteration"	"simplify_cnf"	"sse_idx"
249	"||_left"	"simplify_cnf"	"eliminated[[available[[meta_idx]]]]"
250	"||_right"	"simplify_cnf"	"is_unit[[available[[meta_idx]]]]"
251	"||_left"	"simplify_cnf"	"eliminated[[available[[meta_idx]]]] || is_unit[[available[[meta_idx]]]]"
252	"||_right"	"simplify_cnf"	"eliminated[[available[[meta_idx_other]]]]"
253	"||_left"	"simplify_cnf"	"eliminated[[available[[meta_idx]]]] || is_unit[[available[[meta_idx]]]] || eliminated[[available[[meta_idx_other]]]]"
254	"||_right"	"simplify_cnf"	"is_unit[[available[[meta_idx_other]]]]"
255	"if"	"simplify_cnf"	"eliminated[[available[[meta_idx]]]] || is_unit[[available[[meta_idx]]]] || eliminated[[available[[meta_idx_other]]]] || is_unit[[available[[meta_idx_other]]]]"
256	"if"	"simplify_cnf"	"identical(on_updated_subset_relations(meta_idx, meta_idx_other, TRUE), TRUE)"
257	"if"	"simplify_cnf"	"length(unit_domains)"
258	"for_sequence"	"simplify_cnf"	"remaining_nonunit_entries"
259	"for_iteration"	"simplify_cnf"	"clause_idx"
260	"decision_!="	"simplify_cnf"	"remaining_nonunit_entries != clause_idx"
261	"repeat_iteration"	"simplify_cnf"	"NULL"
262	"decision_=="	"simplify_cnf"	"not_subset_count_current == 1L"
263	"if"	"simplify_cnf"	"is.na(hla_clause_idx)"
264	"decision_=="	"simplify_cnf"	"length(range_new) == length(universe[[symbol]])"
265	"if"	"simplify_cnf"	"length(range_new) == length(universe[[symbol]])"
266	"hla_hook"	"simplify_cnf"	"length(range_new) == length(universe[[symbol]])"
267	"for_sequence"	"simplify_cnf"	"available_inverse[symbol_registry[[symbol]]]"
268	"for_iteration"	"simplify_cnf"	"updating_clause_meta_idx"
269	"decision_all"	"simplify_cnf"	"all(entries[[available[[updating_clause_meta_idx]]]][[symbol]] %in% range_new)"
270	"&&_left"	"simplify_cnf"	"is_not_subset_of[[updating_clause_meta_idx]][meta_idx, symbol]"
271	"&&_right"	"simplify_cnf"	"all(entries[[available[[updating_clause_meta_idx]]]][[symbol]] %in% range_new)"
272	"decision_=="	"simplify_cnf"	"not_subset_count_current[[roe_idx]] == 0L"
273	"if"	"simplify_cnf"	"not_subset_count_current[[roe_idx]] == 0L"
274	"if"	"simplify_cnf"	"is_not_subset_of[[updating_clause_meta_idx]][meta_idx, symbol] && all(entries[[available[[updating_clause_meta_idx]]]][[symbol]] %in% range_new)"
275	"if"	"simplify_cnf"	"eliminated[[clause_idx]]"
276	"for_sequence"	"simplify_cnf"	"remaining_unit_entries"
277	"for_iteration"	"simplify_cnf"	"clause_idx"
278	"repeat_iteration"	"simplify_cnf"	"NULL"
279	"decision_=="	"simplify_cnf"	"not_subset_count == 1L"
280	"if"	"simplify_cnf"	"is.na(hla_clause_idx)"
281	"decision_!="	"simplify_cnf"	"names(clause_other) != unitsymbol"
282	"if"	"simplify_cnf"	"is.null(is_not_subset_of_unit[[hla_clause_idx]])"
283	"decision_=="	"simplify_cnf"	"length(range_new) == length(universe[[symbol]])"
284	"if"	"simplify_cnf"	"length(range_new) == length(universe[[symbol]])"
285	"hla_hook"	"simplify_cnf"	"length(range_new) == length(universe[[symbol]])"
286	"for_sequence"	"simplify_cnf"	"symbol_registry[[symbol]]"
287	"for_iteration"	"simplify_cnf"	"updating_clause_idx"
288	"decision_!="	"simplify_cnf"	"names(updating_clause) != unitsymbol"
289	"if"	"simplify_cnf"	"is.null(is_not_subset_of_unit[[updating_hla_clause_idx]])"
290	"decision_all"	"simplify_cnf"	"all(entries[[updating_clause_idx]][[symbol]] %in% range_new)"
291	"&&_left"	"simplify_cnf"	"is_not_subset_of_unit[[updating_hla_clause_idx]][[symbol]]"
292	"&&_right"	"simplify_cnf"	"all(entries[[updating_clause_idx]][[symbol]] %in% range_new)"
293	"decision_=="	"simplify_cnf"	"not_subset_count[[updating_hla_clause_idx]] == 0"
294	"if"	"simplify_cnf"	"not_subset_count[[updating_hla_clause_idx]] == 0"
295	"if"	"simplify_cnf"	"is_not_subset_of_unit[[updating_hla_clause_idx]][[symbol]] && all(entries[[updating_clause_idx]][[symbol]] %in% range_new)"
296	"if"	"simplify_cnf"	"eliminated[[clause_idx]]"
