"left"	"op"	"right"	"expected_class"	"actual_class"	"truth_ok"	"class_ok"	"warnings"	"error"
"atom"	"&"	"atom"	"CnfFormula"	"CnfFormula"	TRUE	TRUE	""	""
"atom"	"|"	"atom"	"CnfClause"	"CnfClause"	TRUE	TRUE	""	""
"atom"	"&"	"clause"	"CnfFormula"	"CnfFormula"	TRUE	TRUE	""	""
"atom"	"|"	"clause"	"CnfClause"	"CnfClause"	TRUE	TRUE	""	""
"atom"	"&"	"formula"	"CnfFormula"	"CnfFormula"	TRUE	TRUE	""	""
"atom"	"|"	"formula"	"CnfFormula"	"CnfFormula"	TRUE	TRUE	""	""
"atom"	"&"	"raw_true"	"CnfFormula"	"CnfFormula"	TRUE	TRUE	""	""
"atom"	"|"	"raw_true"	"CnfClause"	"CnfClause"	TRUE	TRUE	""	""
"atom"	"&"	"raw_false"	"CnfFormula"	"CnfFormula"	TRUE	TRUE	""	""
"atom"	"|"	"raw_false"	"CnfClause"	"CnfClause"	TRUE	TRUE	""	""
"atom"	"&"	"CnfAtom_FALSE_free"	"CnfFormula"	"CnfFormula"	TRUE	TRUE	""	""
"atom"	"|"	"CnfAtom_FALSE_free"	"CnfClause"	"CnfClause"	TRUE	TRUE	""	""
"atom"	"&"	"CnfAtom_FALSE_owned"	"CnfFormula"	"CnfFormula"	TRUE	TRUE	""	""
"atom"	"|"	"CnfAtom_FALSE_owned"	"CnfClause"	"CnfClause"	TRUE	TRUE	""	""
"atom"	"&"	"CnfAtom_TRUE_free"	"CnfFormula"	"CnfFormula"	TRUE	TRUE	""	""
"atom"	"|"	"CnfAtom_TRUE_free"	"CnfClause"	"CnfClause"	TRUE	TRUE	""	""
"atom"	"&"	"CnfAtom_TRUE_owned"	"CnfFormula"	"CnfFormula"	TRUE	TRUE	""	""
"atom"	"|"	"CnfAtom_TRUE_owned"	"CnfClause"	"CnfClause"	TRUE	TRUE	""	""
"atom"	"&"	"CnfClause_FALSE_free"	"CnfFormula"	"CnfFormula"	TRUE	TRUE	""	""
"atom"	"|"	"CnfClause_FALSE_free"	"CnfClause"	"CnfClause"	TRUE	TRUE	""	""
"atom"	"&"	"CnfClause_FALSE_owned"	"CnfFormula"	"CnfFormula"	TRUE	TRUE	""	""
"atom"	"|"	"CnfClause_FALSE_owned"	"CnfClause"	"CnfClause"	TRUE	TRUE	""	""
"atom"	"&"	"CnfClause_TRUE_free"	"CnfFormula"	"CnfFormula"	TRUE	TRUE	""	""
"atom"	"|"	"CnfClause_TRUE_free"	"CnfClause"	"CnfClause"	TRUE	TRUE	""	""
"atom"	"&"	"CnfClause_TRUE_owned"	"CnfFormula"	"CnfFormula"	TRUE	TRUE	""	""
"atom"	"|"	"CnfClause_TRUE_owned"	"CnfClause"	"CnfClause"	TRUE	TRUE	""	""
"atom"	"&"	"CnfFormula_FALSE_free"	"CnfFormula"	"CnfFormula"	TRUE	TRUE	""	""
"atom"	"|"	"CnfFormula_FALSE_free"	"CnfFormula"	"CnfFormula"	TRUE	TRUE	""	""
"atom"	"&"	"CnfFormula_FALSE_owned"	"CnfFormula"	"CnfFormula"	TRUE	TRUE	""	""
"atom"	"|"	"CnfFormula_FALSE_owned"	"CnfFormula"	"CnfFormula"	TRUE	TRUE	""	""
"atom"	"&"	"CnfFormula_TRUE_free"	"CnfFormula"	"CnfFormula"	TRUE	TRUE	""	""
"atom"	"|"	"CnfFormula_TRUE_free"	"CnfFormula"	"CnfFormula"	TRUE	TRUE	""	""
"atom"	"&"	"CnfFormula_TRUE_owned"	"CnfFormula"	"CnfFormula"	TRUE	TRUE	""	""
"atom"	"|"	"CnfFormula_TRUE_owned"	"CnfFormula"	"CnfFormula"	TRUE	TRUE	""	""
"clause"	"&"	"atom"	"CnfFormula"	"CnfFormula"	TRUE	TRUE	""	""
"clause"	"|"	"atom"	"CnfClause"	"CnfClause"	TRUE	TRUE	""	""
"clause"	"&"	"clause"	"CnfFormula"	"CnfFormula"	TRUE	TRUE	""	""
"clause"	"|"	"clause"	"CnfClause"	"CnfClause"	TRUE	TRUE	""	""
"clause"	"&"	"formula"	"CnfFormula"	"CnfFormula"	TRUE	TRUE	""	""
"clause"	"|"	"formula"	"CnfFormula"	"CnfFormula"	TRUE	TRUE	""	""
"clause"	"&"	"raw_true"	"CnfFormula"	"CnfFormula"	TRUE	TRUE	""	""
"clause"	"|"	"raw_true"	"CnfClause"	"CnfClause"	TRUE	TRUE	""	""
"clause"	"&"	"raw_false"	"CnfFormula"	"CnfFormula"	TRUE	TRUE	""	""
"clause"	"|"	"raw_false"	"CnfClause"	"CnfClause"	TRUE	TRUE	""	""
"clause"	"&"	"CnfAtom_FALSE_free"	"CnfFormula"	"CnfFormula"	TRUE	TRUE	""	""
"clause"	"|"	"CnfAtom_FALSE_free"	"CnfClause"	"CnfClause"	TRUE	TRUE	""	""
"clause"	"&"	"CnfAtom_FALSE_owned"	"CnfFormula"	"CnfFormula"	TRUE	TRUE	""	""
"clause"	"|"	"CnfAtom_FALSE_owned"	"CnfClause"	"CnfClause"	TRUE	TRUE	""	""
"clause"	"&"	"CnfAtom_TRUE_free"	"CnfFormula"	"CnfFormula"	TRUE	TRUE	""	""
"clause"	"|"	"CnfAtom_TRUE_free"	"CnfClause"	"CnfClause"	TRUE	TRUE	""	""
"clause"	"&"	"CnfAtom_TRUE_owned"	"CnfFormula"	"CnfFormula"	TRUE	TRUE	""	""
"clause"	"|"	"CnfAtom_TRUE_owned"	"CnfClause"	"CnfClause"	TRUE	TRUE	""	""
"clause"	"&"	"CnfClause_FALSE_free"	"CnfFormula"	"CnfFormula"	TRUE	TRUE	""	""
"clause"	"|"	"CnfClause_FALSE_free"	"CnfClause"	"CnfClause"	TRUE	TRUE	""	""
"clause"	"&"	"CnfClause_FALSE_owned"	"CnfFormula"	"CnfFormula"	TRUE	TRUE	""	""
"clause"	"|"	"CnfClause_FALSE_owned"	"CnfClause"	"CnfClause"	TRUE	TRUE	""	""
"clause"	"&"	"CnfClause_TRUE_free"	"CnfFormula"	"CnfFormula"	TRUE	TRUE	""	""
"clause"	"|"	"CnfClause_TRUE_free"	"CnfClause"	"CnfClause"	TRUE	TRUE	""	""
"clause"	"&"	"CnfClause_TRUE_owned"	"CnfFormula"	"CnfFormula"	TRUE	TRUE	""	""
"clause"	"|"	"CnfClause_TRUE_owned"	"CnfClause"	"CnfClause"	TRUE	TRUE	""	""
"clause"	"&"	"CnfFormula_FALSE_free"	"CnfFormula"	"CnfFormula"	TRUE	TRUE	""	""
"clause"	"|"	"CnfFormula_FALSE_free"	"CnfFormula"	"CnfFormula"	TRUE	TRUE	""	""
"clause"	"&"	"CnfFormula_FALSE_owned"	"CnfFormula"	"CnfFormula"	TRUE	TRUE	""	""
"clause"	"|"	"CnfFormula_FALSE_owned"	"CnfFormula"	"CnfFormula"	TRUE	TRUE	""	""
"clause"	"&"	"CnfFormula_TRUE_free"	"CnfFormula"	"CnfFormula"	TRUE	TRUE	""	""
"clause"	"|"	"CnfFormula_TRUE_free"	"CnfFormula"	"CnfFormula"	TRUE	TRUE	""	""
"clause"	"&"	"CnfFormula_TRUE_owned"	"CnfFormula"	"CnfFormula"	TRUE	TRUE	""	""
"clause"	"|"	"CnfFormula_TRUE_owned"	"CnfFormula"	"CnfFormula"	TRUE	TRUE	""	""
"formula"	"&"	"atom"	"CnfFormula"	"CnfFormula"	TRUE	TRUE	""	""
"formula"	"|"	"atom"	"CnfFormula"	"CnfFormula"	TRUE	TRUE	""	""
"formula"	"&"	"clause"	"CnfFormula"	"CnfFormula"	TRUE	TRUE	""	""
"formula"	"|"	"clause"	"CnfFormula"	"CnfFormula"	TRUE	TRUE	""	""
"formula"	"&"	"formula"	"CnfFormula"	"CnfFormula"	TRUE	TRUE	""	""
"formula"	"|"	"formula"	"CnfFormula"	"CnfFormula"	TRUE	TRUE	""	""
"formula"	"&"	"raw_true"	"CnfFormula"	"CnfFormula"	TRUE	TRUE	""	""
"formula"	"|"	"raw_true"	"CnfFormula"	"CnfFormula"	TRUE	TRUE	""	""
"formula"	"&"	"raw_false"	"CnfFormula"	"CnfFormula"	TRUE	TRUE	""	""
"formula"	"|"	"raw_false"	"CnfFormula"	"CnfFormula"	TRUE	TRUE	""	""
"formula"	"&"	"CnfAtom_FALSE_free"	"CnfFormula"	"CnfFormula"	TRUE	TRUE	""	""
"formula"	"|"	"CnfAtom_FALSE_free"	"CnfFormula"	"CnfFormula"	TRUE	TRUE	""	""
"formula"	"&"	"CnfAtom_FALSE_owned"	"CnfFormula"	"CnfFormula"	TRUE	TRUE	""	""
"formula"	"|"	"CnfAtom_FALSE_owned"	"CnfFormula"	"CnfFormula"	TRUE	TRUE	""	""
"formula"	"&"	"CnfAtom_TRUE_free"	"CnfFormula"	"CnfFormula"	TRUE	TRUE	""	""
"formula"	"|"	"CnfAtom_TRUE_free"	"CnfFormula"	"CnfFormula"	TRUE	TRUE	""	""
"formula"	"&"	"CnfAtom_TRUE_owned"	"CnfFormula"	"CnfFormula"	TRUE	TRUE	""	""
"formula"	"|"	"CnfAtom_TRUE_owned"	"CnfFormula"	"CnfFormula"	TRUE	TRUE	""	""
"formula"	"&"	"CnfClause_FALSE_free"	"CnfFormula"	"CnfFormula"	TRUE	TRUE	""	""
"formula"	"|"	"CnfClause_FALSE_free"	"CnfFormula"	"CnfFormula"	TRUE	TRUE	""	""
"formula"	"&"	"CnfClause_FALSE_owned"	"CnfFormula"	"CnfFormula"	TRUE	TRUE	""	""
"formula"	"|"	"CnfClause_FALSE_owned"	"CnfFormula"	"CnfFormula"	TRUE	TRUE	""	""
"formula"	"&"	"CnfClause_TRUE_free"	"CnfFormula"	"CnfFormula"	TRUE	TRUE	""	""
"formula"	"|"	"CnfClause_TRUE_free"	"CnfFormula"	"CnfFormula"	TRUE	TRUE	""	""
"formula"	"&"	"CnfClause_TRUE_owned"	"CnfFormula"	"CnfFormula"	TRUE	TRUE	""	""
"formula"	"|"	"CnfClause_TRUE_owned"	"CnfFormula"	"CnfFormula"	TRUE	TRUE	""	""
"formula"	"&"	"CnfFormula_FALSE_free"	"CnfFormula"	"CnfFormula"	TRUE	TRUE	""	""
"formula"	"|"	"CnfFormula_FALSE_free"	"CnfFormula"	"CnfFormula"	TRUE	TRUE	""	""
"formula"	"&"	"CnfFormula_FALSE_owned"	"CnfFormula"	"CnfFormula"	TRUE	TRUE	""	""
"formula"	"|"	"CnfFormula_FALSE_owned"	"CnfFormula"	"CnfFormula"	TRUE	TRUE	""	""
"formula"	"&"	"CnfFormula_TRUE_free"	"CnfFormula"	"CnfFormula"	TRUE	TRUE	""	""
"formula"	"|"	"CnfFormula_TRUE_free"	"CnfFormula"	"CnfFormula"	TRUE	TRUE	""	""
"formula"	"&"	"CnfFormula_TRUE_owned"	"CnfFormula"	"CnfFormula"	TRUE	TRUE	""	""
"formula"	"|"	"CnfFormula_TRUE_owned"	"CnfFormula"	"CnfFormula"	TRUE	TRUE	""	""
"raw_true"	"&"	"atom"	"CnfFormula"	"CnfFormula"	TRUE	TRUE	""	""
"raw_true"	"|"	"atom"	"CnfClause"	"CnfClause"	TRUE	TRUE	""	""
"raw_true"	"&"	"clause"	"CnfFormula"	"CnfFormula"	TRUE	TRUE	""	""
"raw_true"	"|"	"clause"	"CnfClause"	"CnfClause"	TRUE	TRUE	""	""
"raw_true"	"&"	"formula"	"CnfFormula"	"CnfFormula"	TRUE	TRUE	""	""
"raw_true"	"|"	"formula"	"CnfFormula"	"CnfFormula"	TRUE	TRUE	""	""
"raw_true"	"&"	"raw_true"	"logical"	"logical"	TRUE	TRUE	""	""
"raw_true"	"|"	"raw_true"	"logical"	"logical"	TRUE	TRUE	""	""
"raw_true"	"&"	"raw_false"	"logical"	"logical"	TRUE	TRUE	""	""
"raw_true"	"|"	"raw_false"	"logical"	"logical"	TRUE	TRUE	""	""
"raw_true"	"&"	"CnfAtom_FALSE_free"	"CnfFormula"	"CnfFormula"	TRUE	TRUE	""	""
"raw_true"	"|"	"CnfAtom_FALSE_free"	"CnfClause"	"CnfClause"	TRUE	TRUE	""	""
"raw_true"	"&"	"CnfAtom_FALSE_owned"	"CnfFormula"	"CnfFormula"	TRUE	TRUE	""	""
"raw_true"	"|"	"CnfAtom_FALSE_owned"	"CnfClause"	"CnfClause"	TRUE	TRUE	""	""
"raw_true"	"&"	"CnfAtom_TRUE_free"	"CnfFormula"	"CnfFormula"	TRUE	TRUE	""	""
"raw_true"	"|"	"CnfAtom_TRUE_free"	"CnfClause"	"CnfClause"	TRUE	TRUE	""	""
"raw_true"	"&"	"CnfAtom_TRUE_owned"	"CnfFormula"	"CnfFormula"	TRUE	TRUE	""	""
"raw_true"	"|"	"CnfAtom_TRUE_owned"	"CnfClause"	"CnfClause"	TRUE	TRUE	""	""
"raw_true"	"&"	"CnfClause_FALSE_free"	"CnfFormula"	"CnfFormula"	TRUE	TRUE	""	""
"raw_true"	"|"	"CnfClause_FALSE_free"	"CnfClause"	"CnfClause"	TRUE	TRUE	""	""
"raw_true"	"&"	"CnfClause_FALSE_owned"	"CnfFormula"	"CnfFormula"	TRUE	TRUE	""	""
"raw_true"	"|"	"CnfClause_FALSE_owned"	"CnfClause"	"CnfClause"	TRUE	TRUE	""	""
"raw_true"	"&"	"CnfClause_TRUE_free"	"CnfFormula"	"CnfFormula"	TRUE	TRUE	""	""
"raw_true"	"|"	"CnfClause_TRUE_free"	"CnfClause"	"CnfClause"	TRUE	TRUE	""	""
"raw_true"	"&"	"CnfClause_TRUE_owned"	"CnfFormula"	"CnfFormula"	TRUE	TRUE	""	""
"raw_true"	"|"	"CnfClause_TRUE_owned"	"CnfClause"	"CnfClause"	TRUE	TRUE	""	""
"raw_true"	"&"	"CnfFormula_FALSE_free"	"CnfFormula"	"CnfFormula"	TRUE	TRUE	""	""
"raw_true"	"|"	"CnfFormula_FALSE_free"	"CnfFormula"	"CnfFormula"	TRUE	TRUE	""	""
"raw_true"	"&"	"CnfFormula_FALSE_owned"	"CnfFormula"	"CnfFormula"	TRUE	TRUE	""	""
"raw_true"	"|"	"CnfFormula_FALSE_owned"	"CnfFormula"	"CnfFormula"	TRUE	TRUE	""	""
"raw_true"	"&"	"CnfFormula_TRUE_free"	"CnfFormula"	"CnfFormula"	TRUE	TRUE	""	""
"raw_true"	"|"	"CnfFormula_TRUE_free"	"CnfFormula"	"CnfFormula"	TRUE	TRUE	""	""
"raw_true"	"&"	"CnfFormula_TRUE_owned"	"CnfFormula"	"CnfFormula"	TRUE	TRUE	""	""
"raw_true"	"|"	"CnfFormula_TRUE_owned"	"CnfFormula"	"CnfFormula"	TRUE	TRUE	""	""
"raw_false"	"&"	"atom"	"CnfFormula"	"CnfFormula"	TRUE	TRUE	""	""
"raw_false"	"|"	"atom"	"CnfClause"	"CnfClause"	TRUE	TRUE	""	""
"raw_false"	"&"	"clause"	"CnfFormula"	"CnfFormula"	TRUE	TRUE	""	""
"raw_false"	"|"	"clause"	"CnfClause"	"CnfClause"	TRUE	TRUE	""	""
"raw_false"	"&"	"formula"	"CnfFormula"	"CnfFormula"	TRUE	TRUE	""	""
"raw_false"	"|"	"formula"	"CnfFormula"	"CnfFormula"	TRUE	TRUE	""	""
"raw_false"	"&"	"raw_true"	"logical"	"logical"	TRUE	TRUE	""	""
"raw_false"	"|"	"raw_true"	"logical"	"logical"	TRUE	TRUE	""	""
"raw_false"	"&"	"raw_false"	"logical"	"logical"	TRUE	TRUE	""	""
"raw_false"	"|"	"raw_false"	"logical"	"logical"	TRUE	TRUE	""	""
"raw_false"	"&"	"CnfAtom_FALSE_free"	"CnfFormula"	"CnfFormula"	TRUE	TRUE	""	""
"raw_false"	"|"	"CnfAtom_FALSE_free"	"CnfClause"	"CnfClause"	TRUE	TRUE	""	""
"raw_false"	"&"	"CnfAtom_FALSE_owned"	"CnfFormula"	"CnfFormula"	TRUE	TRUE	""	""
"raw_false"	"|"	"CnfAtom_FALSE_owned"	"CnfClause"	"CnfClause"	TRUE	TRUE	""	""
"raw_false"	"&"	"CnfAtom_TRUE_free"	"CnfFormula"	"CnfFormula"	TRUE	TRUE	""	""
"raw_false"	"|"	"CnfAtom_TRUE_free"	"CnfClause"	"CnfClause"	TRUE	TRUE	""	""
"raw_false"	"&"	"CnfAtom_TRUE_owned"	"CnfFormula"	"CnfFormula"	TRUE	TRUE	""	""
"raw_false"	"|"	"CnfAtom_TRUE_owned"	"CnfClause"	"CnfClause"	TRUE	TRUE	""	""
"raw_false"	"&"	"CnfClause_FALSE_free"	"CnfFormula"	"CnfFormula"	TRUE	TRUE	""	""
"raw_false"	"|"	"CnfClause_FALSE_free"	"CnfClause"	"CnfClause"	TRUE	TRUE	""	""
"raw_false"	"&"	"CnfClause_FALSE_owned"	"CnfFormula"	"CnfFormula"	TRUE	TRUE	""	""
"raw_false"	"|"	"CnfClause_FALSE_owned"	"CnfClause"	"CnfClause"	TRUE	TRUE	""	""
"raw_false"	"&"	"CnfClause_TRUE_free"	"CnfFormula"	"CnfFormula"	TRUE	TRUE	""	""
"raw_false"	"|"	"CnfClause_TRUE_free"	"CnfClause"	"CnfClause"	TRUE	TRUE	""	""
"raw_false"	"&"	"CnfClause_TRUE_owned"	"CnfFormula"	"CnfFormula"	TRUE	TRUE	""	""
"raw_false"	"|"	"CnfClause_TRUE_owned"	"CnfClause"	"CnfClause"	TRUE	TRUE	""	""
"raw_false"	"&"	"CnfFormula_FALSE_free"	"CnfFormula"	"CnfFormula"	TRUE	TRUE	""	""
"raw_false"	"|"	"CnfFormula_FALSE_free"	"CnfFormula"	"CnfFormula"	TRUE	TRUE	""	""
"raw_false"	"&"	"CnfFormula_FALSE_owned"	"CnfFormula"	"CnfFormula"	TRUE	TRUE	""	""
"raw_false"	"|"	"CnfFormula_FALSE_owned"	"CnfFormula"	"CnfFormula"	TRUE	TRUE	""	""
"raw_false"	"&"	"CnfFormula_TRUE_free"	"CnfFormula"	"CnfFormula"	TRUE	TRUE	""	""
"raw_false"	"|"	"CnfFormula_TRUE_free"	"CnfFormula"	"CnfFormula"	TRUE	TRUE	""	""
"raw_false"	"&"	"CnfFormula_TRUE_owned"	"CnfFormula"	"CnfFormula"	TRUE	TRUE	""	""
"raw_false"	"|"	"CnfFormula_TRUE_owned"	"CnfFormula"	"CnfFormula"	TRUE	TRUE	""	""
"CnfAtom_FALSE_free"	"&"	"atom"	"CnfFormula"	"CnfFormula"	TRUE	TRUE	""	""
"CnfAtom_FALSE_free"	"|"	"atom"	"CnfClause"	"CnfClause"	TRUE	TRUE	""	""
"CnfAtom_FALSE_free"	"&"	"clause"	"CnfFormula"	"CnfFormula"	TRUE	TRUE	""	""
"CnfAtom_FALSE_free"	"|"	"clause"	"CnfClause"	"CnfClause"	TRUE	TRUE	""	""
"CnfAtom_FALSE_free"	"&"	"formula"	"CnfFormula"	"CnfFormula"	TRUE	TRUE	""	""
"CnfAtom_FALSE_free"	"|"	"formula"	"CnfFormula"	"CnfFormula"	TRUE	TRUE	""	""
"CnfAtom_FALSE_free"	"&"	"raw_true"	"CnfFormula"	"CnfFormula"	TRUE	TRUE	""	""
"CnfAtom_FALSE_free"	"|"	"raw_true"	"CnfClause"	"CnfClause"	TRUE	TRUE	""	""
"CnfAtom_FALSE_free"	"&"	"raw_false"	"CnfFormula"	"CnfFormula"	TRUE	TRUE	""	""
"CnfAtom_FALSE_free"	"|"	"raw_false"	"CnfClause"	"CnfClause"	TRUE	TRUE	""	""
"CnfAtom_FALSE_free"	"&"	"CnfAtom_FALSE_free"	"CnfFormula"	"CnfFormula"	TRUE	TRUE	""	""
"CnfAtom_FALSE_free"	"|"	"CnfAtom_FALSE_free"	"CnfClause"	"CnfClause"	TRUE	TRUE	""	""
"CnfAtom_FALSE_free"	"&"	"CnfAtom_FALSE_owned"	"CnfFormula"	"CnfFormula"	TRUE	TRUE	""	""
"CnfAtom_FALSE_free"	"|"	"CnfAtom_FALSE_owned"	"CnfClause"	"CnfClause"	TRUE	TRUE	""	""
"CnfAtom_FALSE_free"	"&"	"CnfAtom_TRUE_free"	"CnfFormula"	"CnfFormula"	TRUE	TRUE	""	""
"CnfAtom_FALSE_free"	"|"	"CnfAtom_TRUE_free"	"CnfClause"	"CnfClause"	TRUE	TRUE	""	""
"CnfAtom_FALSE_free"	"&"	"CnfAtom_TRUE_owned"	"CnfFormula"	"CnfFormula"	TRUE	TRUE	""	""
"CnfAtom_FALSE_free"	"|"	"CnfAtom_TRUE_owned"	"CnfClause"	"CnfClause"	TRUE	TRUE	""	""
"CnfAtom_FALSE_free"	"&"	"CnfClause_FALSE_free"	"CnfFormula"	"CnfFormula"	TRUE	TRUE	""	""
"CnfAtom_FALSE_free"	"|"	"CnfClause_FALSE_free"	"CnfClause"	"CnfClause"	TRUE	TRUE	""	""
"CnfAtom_FALSE_free"	"&"	"CnfClause_FALSE_owned"	"CnfFormula"	"CnfFormula"	TRUE	TRUE	""	""
"CnfAtom_FALSE_free"	"|"	"CnfClause_FALSE_owned"	"CnfClause"	"CnfClause"	TRUE	TRUE	""	""
"CnfAtom_FALSE_free"	"&"	"CnfClause_TRUE_free"	"CnfFormula"	"CnfFormula"	TRUE	TRUE	""	""
"CnfAtom_FALSE_free"	"|"	"CnfClause_TRUE_free"	"CnfClause"	"CnfClause"	TRUE	TRUE	""	""
"CnfAtom_FALSE_free"	"&"	"CnfClause_TRUE_owned"	"CnfFormula"	"CnfFormula"	TRUE	TRUE	""	""
"CnfAtom_FALSE_free"	"|"	"CnfClause_TRUE_owned"	"CnfClause"	"CnfClause"	TRUE	TRUE	""	""
"CnfAtom_FALSE_free"	"&"	"CnfFormula_FALSE_free"	"CnfFormula"	"CnfFormula"	TRUE	TRUE	""	""
"CnfAtom_FALSE_free"	"|"	"CnfFormula_FALSE_free"	"CnfFormula"	"CnfFormula"	TRUE	TRUE	""	""
"CnfAtom_FALSE_free"	"&"	"CnfFormula_FALSE_owned"	"CnfFormula"	"CnfFormula"	TRUE	TRUE	""	""
"CnfAtom_FALSE_free"	"|"	"CnfFormula_FALSE_owned"	"CnfFormula"	"CnfFormula"	TRUE	TRUE	""	""
"CnfAtom_FALSE_free"	"&"	"CnfFormula_TRUE_free"	"CnfFormula"	"CnfFormula"	TRUE	TRUE	""	""
"CnfAtom_FALSE_free"	"|"	"CnfFormula_TRUE_free"	"CnfFormula"	"CnfFormula"	TRUE	TRUE	""	""
"CnfAtom_FALSE_free"	"&"	"CnfFormula_TRUE_owned"	"CnfFormula"	"CnfFormula"	TRUE	TRUE	""	""
"CnfAtom_FALSE_free"	"|"	"CnfFormula_TRUE_owned"	"CnfFormula"	"CnfFormula"	TRUE	TRUE	""	""
"CnfAtom_FALSE_owned"	"&"	"atom"	"CnfFormula"	"CnfFormula"	TRUE	TRUE	""	""
"CnfAtom_FALSE_owned"	"|"	"atom"	"CnfClause"	"CnfClause"	TRUE	TRUE	""	""
"CnfAtom_FALSE_owned"	"&"	"clause"	"CnfFormula"	"CnfFormula"	TRUE	TRUE	""	""
"CnfAtom_FALSE_owned"	"|"	"clause"	"CnfClause"	"CnfClause"	TRUE	TRUE	""	""
"CnfAtom_FALSE_owned"	"&"	"formula"	"CnfFormula"	"CnfFormula"	TRUE	TRUE	""	""
"CnfAtom_FALSE_owned"	"|"	"formula"	"CnfFormula"	"CnfFormula"	TRUE	TRUE	""	""
"CnfAtom_FALSE_owned"	"&"	"raw_true"	"CnfFormula"	"CnfFormula"	TRUE	TRUE	""	""
"CnfAtom_FALSE_owned"	"|"	"raw_true"	"CnfClause"	"CnfClause"	TRUE	TRUE	""	""
"CnfAtom_FALSE_owned"	"&"	"raw_false"	"CnfFormula"	"CnfFormula"	TRUE	TRUE	""	""
"CnfAtom_FALSE_owned"	"|"	"raw_false"	"CnfClause"	"CnfClause"	TRUE	TRUE	""	""
"CnfAtom_FALSE_owned"	"&"	"CnfAtom_FALSE_free"	"CnfFormula"	"CnfFormula"	TRUE	TRUE	""	""
"CnfAtom_FALSE_owned"	"|"	"CnfAtom_FALSE_free"	"CnfClause"	"CnfClause"	TRUE	TRUE	""	""
"CnfAtom_FALSE_owned"	"&"	"CnfAtom_FALSE_owned"	"CnfFormula"	"CnfFormula"	TRUE	TRUE	""	""
"CnfAtom_FALSE_owned"	"|"	"CnfAtom_FALSE_owned"	"CnfClause"	"CnfClause"	TRUE	TRUE	""	""
"CnfAtom_FALSE_owned"	"&"	"CnfAtom_TRUE_free"	"CnfFormula"	"CnfFormula"	TRUE	TRUE	""	""
"CnfAtom_FALSE_owned"	"|"	"CnfAtom_TRUE_free"	"CnfClause"	"CnfClause"	TRUE	TRUE	""	""
"CnfAtom_FALSE_owned"	"&"	"CnfAtom_TRUE_owned"	"CnfFormula"	"CnfFormula"	TRUE	TRUE	""	""
"CnfAtom_FALSE_owned"	"|"	"CnfAtom_TRUE_owned"	"CnfClause"	"CnfClause"	TRUE	TRUE	""	""
"CnfAtom_FALSE_owned"	"&"	"CnfClause_FALSE_free"	"CnfFormula"	"CnfFormula"	TRUE	TRUE	""	""
"CnfAtom_FALSE_owned"	"|"	"CnfClause_FALSE_free"	"CnfClause"	"CnfClause"	TRUE	TRUE	""	""
"CnfAtom_FALSE_owned"	"&"	"CnfClause_FALSE_owned"	"CnfFormula"	"CnfFormula"	TRUE	TRUE	""	""
"CnfAtom_FALSE_owned"	"|"	"CnfClause_FALSE_owned"	"CnfClause"	"CnfClause"	TRUE	TRUE	""	""
"CnfAtom_FALSE_owned"	"&"	"CnfClause_TRUE_free"	"CnfFormula"	"CnfFormula"	TRUE	TRUE	""	""
"CnfAtom_FALSE_owned"	"|"	"CnfClause_TRUE_free"	"CnfClause"	"CnfClause"	TRUE	TRUE	""	""
"CnfAtom_FALSE_owned"	"&"	"CnfClause_TRUE_owned"	"CnfFormula"	"CnfFormula"	TRUE	TRUE	""	""
"CnfAtom_FALSE_owned"	"|"	"CnfClause_TRUE_owned"	"CnfClause"	"CnfClause"	TRUE	TRUE	""	""
"CnfAtom_FALSE_owned"	"&"	"CnfFormula_FALSE_free"	"CnfFormula"	"CnfFormula"	TRUE	TRUE	""	""
"CnfAtom_FALSE_owned"	"|"	"CnfFormula_FALSE_free"	"CnfFormula"	"CnfFormula"	TRUE	TRUE	""	""
"CnfAtom_FALSE_owned"	"&"	"CnfFormula_FALSE_owned"	"CnfFormula"	"CnfFormula"	TRUE	TRUE	""	""
"CnfAtom_FALSE_owned"	"|"	"CnfFormula_FALSE_owned"	"CnfFormula"	"CnfFormula"	TRUE	TRUE	""	""
"CnfAtom_FALSE_owned"	"&"	"CnfFormula_TRUE_free"	"CnfFormula"	"CnfFormula"	TRUE	TRUE	""	""
"CnfAtom_FALSE_owned"	"|"	"CnfFormula_TRUE_free"	"CnfFormula"	"CnfFormula"	TRUE	TRUE	""	""
"CnfAtom_FALSE_owned"	"&"	"CnfFormula_TRUE_owned"	"CnfFormula"	"CnfFormula"	TRUE	TRUE	""	""
"CnfAtom_FALSE_owned"	"|"	"CnfFormula_TRUE_owned"	"CnfFormula"	"CnfFormula"	TRUE	TRUE	""	""
"CnfAtom_TRUE_free"	"&"	"atom"	"CnfFormula"	"CnfFormula"	TRUE	TRUE	""	""
"CnfAtom_TRUE_free"	"|"	"atom"	"CnfClause"	"CnfClause"	TRUE	TRUE	""	""
"CnfAtom_TRUE_free"	"&"	"clause"	"CnfFormula"	"CnfFormula"	TRUE	TRUE	""	""
"CnfAtom_TRUE_free"	"|"	"clause"	"CnfClause"	"CnfClause"	TRUE	TRUE	""	""
"CnfAtom_TRUE_free"	"&"	"formula"	"CnfFormula"	"CnfFormula"	TRUE	TRUE	""	""
"CnfAtom_TRUE_free"	"|"	"formula"	"CnfFormula"	"CnfFormula"	TRUE	TRUE	""	""
"CnfAtom_TRUE_free"	"&"	"raw_true"	"CnfFormula"	"CnfFormula"	TRUE	TRUE	""	""
"CnfAtom_TRUE_free"	"|"	"raw_true"	"CnfClause"	"CnfClause"	TRUE	TRUE	""	""
"CnfAtom_TRUE_free"	"&"	"raw_false"	"CnfFormula"	"CnfFormula"	TRUE	TRUE	""	""
"CnfAtom_TRUE_free"	"|"	"raw_false"	"CnfClause"	"CnfClause"	TRUE	TRUE	""	""
"CnfAtom_TRUE_free"	"&"	"CnfAtom_FALSE_free"	"CnfFormula"	"CnfFormula"	TRUE	TRUE	""	""
"CnfAtom_TRUE_free"	"|"	"CnfAtom_FALSE_free"	"CnfClause"	"CnfClause"	TRUE	TRUE	""	""
"CnfAtom_TRUE_free"	"&"	"CnfAtom_FALSE_owned"	"CnfFormula"	"CnfFormula"	TRUE	TRUE	""	""
"CnfAtom_TRUE_free"	"|"	"CnfAtom_FALSE_owned"	"CnfClause"	"CnfClause"	TRUE	TRUE	""	""
"CnfAtom_TRUE_free"	"&"	"CnfAtom_TRUE_free"	"CnfFormula"	"CnfFormula"	TRUE	TRUE	""	""
"CnfAtom_TRUE_free"	"|"	"CnfAtom_TRUE_free"	"CnfClause"	"CnfClause"	TRUE	TRUE	""	""
"CnfAtom_TRUE_free"	"&"	"CnfAtom_TRUE_owned"	"CnfFormula"	"CnfFormula"	TRUE	TRUE	""	""
"CnfAtom_TRUE_free"	"|"	"CnfAtom_TRUE_owned"	"CnfClause"	"CnfClause"	TRUE	TRUE	""	""
"CnfAtom_TRUE_free"	"&"	"CnfClause_FALSE_free"	"CnfFormula"	"CnfFormula"	TRUE	TRUE	""	""
"CnfAtom_TRUE_free"	"|"	"CnfClause_FALSE_free"	"CnfClause"	"CnfClause"	TRUE	TRUE	""	""
"CnfAtom_TRUE_free"	"&"	"CnfClause_FALSE_owned"	"CnfFormula"	"CnfFormula"	TRUE	TRUE	""	""
"CnfAtom_TRUE_free"	"|"	"CnfClause_FALSE_owned"	"CnfClause"	"CnfClause"	TRUE	TRUE	""	""
"CnfAtom_TRUE_free"	"&"	"CnfClause_TRUE_free"	"CnfFormula"	"CnfFormula"	TRUE	TRUE	""	""
"CnfAtom_TRUE_free"	"|"	"CnfClause_TRUE_free"	"CnfClause"	"CnfClause"	TRUE	TRUE	""	""
"CnfAtom_TRUE_free"	"&"	"CnfClause_TRUE_owned"	"CnfFormula"	"CnfFormula"	TRUE	TRUE	""	""
"CnfAtom_TRUE_free"	"|"	"CnfClause_TRUE_owned"	"CnfClause"	"CnfClause"	TRUE	TRUE	""	""
"CnfAtom_TRUE_free"	"&"	"CnfFormula_FALSE_free"	"CnfFormula"	"CnfFormula"	TRUE	TRUE	""	""
"CnfAtom_TRUE_free"	"|"	"CnfFormula_FALSE_free"	"CnfFormula"	"CnfFormula"	TRUE	TRUE	""	""
"CnfAtom_TRUE_free"	"&"	"CnfFormula_FALSE_owned"	"CnfFormula"	"CnfFormula"	TRUE	TRUE	""	""
"CnfAtom_TRUE_free"	"|"	"CnfFormula_FALSE_owned"	"CnfFormula"	"CnfFormula"	TRUE	TRUE	""	""
"CnfAtom_TRUE_free"	"&"	"CnfFormula_TRUE_free"	"CnfFormula"	"CnfFormula"	TRUE	TRUE	""	""
"CnfAtom_TRUE_free"	"|"	"CnfFormula_TRUE_free"	"CnfFormula"	"CnfFormula"	TRUE	TRUE	""	""
"CnfAtom_TRUE_free"	"&"	"CnfFormula_TRUE_owned"	"CnfFormula"	"CnfFormula"	TRUE	TRUE	""	""
"CnfAtom_TRUE_free"	"|"	"CnfFormula_TRUE_owned"	"CnfFormula"	"CnfFormula"	TRUE	TRUE	""	""
"CnfAtom_TRUE_owned"	"&"	"atom"	"CnfFormula"	"CnfFormula"	TRUE	TRUE	""	""
"CnfAtom_TRUE_owned"	"|"	"atom"	"CnfClause"	"CnfClause"	TRUE	TRUE	""	""
"CnfAtom_TRUE_owned"	"&"	"clause"	"CnfFormula"	"CnfFormula"	TRUE	TRUE	""	""
"CnfAtom_TRUE_owned"	"|"	"clause"	"CnfClause"	"CnfClause"	TRUE	TRUE	""	""
"CnfAtom_TRUE_owned"	"&"	"formula"	"CnfFormula"	"CnfFormula"	TRUE	TRUE	""	""
"CnfAtom_TRUE_owned"	"|"	"formula"	"CnfFormula"	"CnfFormula"	TRUE	TRUE	""	""
"CnfAtom_TRUE_owned"	"&"	"raw_true"	"CnfFormula"	"CnfFormula"	TRUE	TRUE	""	""
"CnfAtom_TRUE_owned"	"|"	"raw_true"	"CnfClause"	"CnfClause"	TRUE	TRUE	""	""
"CnfAtom_TRUE_owned"	"&"	"raw_false"	"CnfFormula"	"CnfFormula"	TRUE	TRUE	""	""
"CnfAtom_TRUE_owned"	"|"	"raw_false"	"CnfClause"	"CnfClause"	TRUE	TRUE	""	""
"CnfAtom_TRUE_owned"	"&"	"CnfAtom_FALSE_free"	"CnfFormula"	"CnfFormula"	TRUE	TRUE	""	""
"CnfAtom_TRUE_owned"	"|"	"CnfAtom_FALSE_free"	"CnfClause"	"CnfClause"	TRUE	TRUE	""	""
"CnfAtom_TRUE_owned"	"&"	"CnfAtom_FALSE_owned"	"CnfFormula"	"CnfFormula"	TRUE	TRUE	""	""
"CnfAtom_TRUE_owned"	"|"	"CnfAtom_FALSE_owned"	"CnfClause"	"CnfClause"	TRUE	TRUE	""	""
"CnfAtom_TRUE_owned"	"&"	"CnfAtom_TRUE_free"	"CnfFormula"	"CnfFormula"	TRUE	TRUE	""	""
"CnfAtom_TRUE_owned"	"|"	"CnfAtom_TRUE_free"	"CnfClause"	"CnfClause"	TRUE	TRUE	""	""
"CnfAtom_TRUE_owned"	"&"	"CnfAtom_TRUE_owned"	"CnfFormula"	"CnfFormula"	TRUE	TRUE	""	""
"CnfAtom_TRUE_owned"	"|"	"CnfAtom_TRUE_owned"	"CnfClause"	"CnfClause"	TRUE	TRUE	""	""
"CnfAtom_TRUE_owned"	"&"	"CnfClause_FALSE_free"	"CnfFormula"	"CnfFormula"	TRUE	TRUE	""	""
"CnfAtom_TRUE_owned"	"|"	"CnfClause_FALSE_free"	"CnfClause"	"CnfClause"	TRUE	TRUE	""	""
"CnfAtom_TRUE_owned"	"&"	"CnfClause_FALSE_owned"	"CnfFormula"	"CnfFormula"	TRUE	TRUE	""	""
"CnfAtom_TRUE_owned"	"|"	"CnfClause_FALSE_owned"	"CnfClause"	"CnfClause"	TRUE	TRUE	""	""
"CnfAtom_TRUE_owned"	"&"	"CnfClause_TRUE_free"	"CnfFormula"	"CnfFormula"	TRUE	TRUE	""	""
"CnfAtom_TRUE_owned"	"|"	"CnfClause_TRUE_free"	"CnfClause"	"CnfClause"	TRUE	TRUE	""	""
"CnfAtom_TRUE_owned"	"&"	"CnfClause_TRUE_owned"	"CnfFormula"	"CnfFormula"	TRUE	TRUE	""	""
"CnfAtom_TRUE_owned"	"|"	"CnfClause_TRUE_owned"	"CnfClause"	"CnfClause"	TRUE	TRUE	""	""
"CnfAtom_TRUE_owned"	"&"	"CnfFormula_FALSE_free"	"CnfFormula"	"CnfFormula"	TRUE	TRUE	""	""
"CnfAtom_TRUE_owned"	"|"	"CnfFormula_FALSE_free"	"CnfFormula"	"CnfFormula"	TRUE	TRUE	""	""
"CnfAtom_TRUE_owned"	"&"	"CnfFormula_FALSE_owned"	"CnfFormula"	"CnfFormula"	TRUE	TRUE	""	""
"CnfAtom_TRUE_owned"	"|"	"CnfFormula_FALSE_owned"	"CnfFormula"	"CnfFormula"	TRUE	TRUE	""	""
"CnfAtom_TRUE_owned"	"&"	"CnfFormula_TRUE_free"	"CnfFormula"	"CnfFormula"	TRUE	TRUE	""	""
"CnfAtom_TRUE_owned"	"|"	"CnfFormula_TRUE_free"	"CnfFormula"	"CnfFormula"	TRUE	TRUE	""	""
"CnfAtom_TRUE_owned"	"&"	"CnfFormula_TRUE_owned"	"CnfFormula"	"CnfFormula"	TRUE	TRUE	""	""
"CnfAtom_TRUE_owned"	"|"	"CnfFormula_TRUE_owned"	"CnfFormula"	"CnfFormula"	TRUE	TRUE	""	""
"CnfClause_FALSE_free"	"&"	"atom"	"CnfFormula"	"CnfFormula"	TRUE	TRUE	""	""
"CnfClause_FALSE_free"	"|"	"atom"	"CnfClause"	"CnfClause"	TRUE	TRUE	""	""
"CnfClause_FALSE_free"	"&"	"clause"	"CnfFormula"	"CnfFormula"	TRUE	TRUE	""	""
"CnfClause_FALSE_free"	"|"	"clause"	"CnfClause"	"CnfClause"	TRUE	TRUE	""	""
"CnfClause_FALSE_free"	"&"	"formula"	"CnfFormula"	"CnfFormula"	TRUE	TRUE	""	""
"CnfClause_FALSE_free"	"|"	"formula"	"CnfFormula"	"CnfFormula"	TRUE	TRUE	""	""
"CnfClause_FALSE_free"	"&"	"raw_true"	"CnfFormula"	"CnfFormula"	TRUE	TRUE	""	""
"CnfClause_FALSE_free"	"|"	"raw_true"	"CnfClause"	"CnfClause"	TRUE	TRUE	""	""
"CnfClause_FALSE_free"	"&"	"raw_false"	"CnfFormula"	"CnfFormula"	TRUE	TRUE	""	""
"CnfClause_FALSE_free"	"|"	"raw_false"	"CnfClause"	"CnfClause"	TRUE	TRUE	""	""
"CnfClause_FALSE_free"	"&"	"CnfAtom_FALSE_free"	"CnfFormula"	"CnfFormula"	TRUE	TRUE	""	""
"CnfClause_FALSE_free"	"|"	"CnfAtom_FALSE_free"	"CnfClause"	"CnfClause"	TRUE	TRUE	""	""
"CnfClause_FALSE_free"	"&"	"CnfAtom_FALSE_owned"	"CnfFormula"	"CnfFormula"	TRUE	TRUE	""	""
"CnfClause_FALSE_free"	"|"	"CnfAtom_FALSE_owned"	"CnfClause"	"CnfClause"	TRUE	TRUE	""	""
"CnfClause_FALSE_free"	"&"	"CnfAtom_TRUE_free"	"CnfFormula"	"CnfFormula"	TRUE	TRUE	""	""
"CnfClause_FALSE_free"	"|"	"CnfAtom_TRUE_free"	"CnfClause"	"CnfClause"	TRUE	TRUE	""	""
"CnfClause_FALSE_free"	"&"	"CnfAtom_TRUE_owned"	"CnfFormula"	"CnfFormula"	TRUE	TRUE	""	""
"CnfClause_FALSE_free"	"|"	"CnfAtom_TRUE_owned"	"CnfClause"	"CnfClause"	TRUE	TRUE	""	""
"CnfClause_FALSE_free"	"&"	"CnfClause_FALSE_free"	"CnfFormula"	"CnfFormula"	TRUE	TRUE	""	""
"CnfClause_FALSE_free"	"|"	"CnfClause_FALSE_free"	"CnfClause"	"CnfClause"	TRUE	TRUE	""	""
"CnfClause_FALSE_free"	"&"	"CnfClause_FALSE_owned"	"CnfFormula"	"CnfFormula"	TRUE	TRUE	""	""
"CnfClause_FALSE_free"	"|"	"CnfClause_FALSE_owned"	"CnfClause"	"CnfClause"	TRUE	TRUE	""	""
"CnfClause_FALSE_free"	"&"	"CnfClause_TRUE_free"	"CnfFormula"	"CnfFormula"	TRUE	TRUE	""	""
"CnfClause_FALSE_free"	"|"	"CnfClause_TRUE_free"	"CnfClause"	"CnfClause"	TRUE	TRUE	""	""
"CnfClause_FALSE_free"	"&"	"CnfClause_TRUE_owned"	"CnfFormula"	"CnfFormula"	TRUE	TRUE	""	""
"CnfClause_FALSE_free"	"|"	"CnfClause_TRUE_owned"	"CnfClause"	"CnfClause"	TRUE	TRUE	""	""
"CnfClause_FALSE_free"	"&"	"CnfFormula_FALSE_free"	"CnfFormula"	"CnfFormula"	TRUE	TRUE	""	""
"CnfClause_FALSE_free"	"|"	"CnfFormula_FALSE_free"	"CnfFormula"	"CnfFormula"	TRUE	TRUE	""	""
"CnfClause_FALSE_free"	"&"	"CnfFormula_FALSE_owned"	"CnfFormula"	"CnfFormula"	TRUE	TRUE	""	""
"CnfClause_FALSE_free"	"|"	"CnfFormula_FALSE_owned"	"CnfFormula"	"CnfFormula"	TRUE	TRUE	""	""
"CnfClause_FALSE_free"	"&"	"CnfFormula_TRUE_free"	"CnfFormula"	"CnfFormula"	TRUE	TRUE	""	""
"CnfClause_FALSE_free"	"|"	"CnfFormula_TRUE_free"	"CnfFormula"	"CnfFormula"	TRUE	TRUE	""	""
"CnfClause_FALSE_free"	"&"	"CnfFormula_TRUE_owned"	"CnfFormula"	"CnfFormula"	TRUE	TRUE	""	""
"CnfClause_FALSE_free"	"|"	"CnfFormula_TRUE_owned"	"CnfFormula"	"CnfFormula"	TRUE	TRUE	""	""
"CnfClause_FALSE_owned"	"&"	"atom"	"CnfFormula"	"CnfFormula"	TRUE	TRUE	""	""
"CnfClause_FALSE_owned"	"|"	"atom"	"CnfClause"	"CnfClause"	TRUE	TRUE	""	""
"CnfClause_FALSE_owned"	"&"	"clause"	"CnfFormula"	"CnfFormula"	TRUE	TRUE	""	""
"CnfClause_FALSE_owned"	"|"	"clause"	"CnfClause"	"CnfClause"	TRUE	TRUE	""	""
"CnfClause_FALSE_owned"	"&"	"formula"	"CnfFormula"	"CnfFormula"	TRUE	TRUE	""	""
"CnfClause_FALSE_owned"	"|"	"formula"	"CnfFormula"	"CnfFormula"	TRUE	TRUE	""	""
"CnfClause_FALSE_owned"	"&"	"raw_true"	"CnfFormula"	"CnfFormula"	TRUE	TRUE	""	""
"CnfClause_FALSE_owned"	"|"	"raw_true"	"CnfClause"	"CnfClause"	TRUE	TRUE	""	""
"CnfClause_FALSE_owned"	"&"	"raw_false"	"CnfFormula"	"CnfFormula"	TRUE	TRUE	""	""
"CnfClause_FALSE_owned"	"|"	"raw_false"	"CnfClause"	"CnfClause"	TRUE	TRUE	""	""
"CnfClause_FALSE_owned"	"&"	"CnfAtom_FALSE_free"	"CnfFormula"	"CnfFormula"	TRUE	TRUE	""	""
"CnfClause_FALSE_owned"	"|"	"CnfAtom_FALSE_free"	"CnfClause"	"CnfClause"	TRUE	TRUE	""	""
"CnfClause_FALSE_owned"	"&"	"CnfAtom_FALSE_owned"	"CnfFormula"	"CnfFormula"	TRUE	TRUE	""	""
"CnfClause_FALSE_owned"	"|"	"CnfAtom_FALSE_owned"	"CnfClause"	"CnfClause"	TRUE	TRUE	""	""
"CnfClause_FALSE_owned"	"&"	"CnfAtom_TRUE_free"	"CnfFormula"	"CnfFormula"	TRUE	TRUE	""	""
"CnfClause_FALSE_owned"	"|"	"CnfAtom_TRUE_free"	"CnfClause"	"CnfClause"	TRUE	TRUE	""	""
"CnfClause_FALSE_owned"	"&"	"CnfAtom_TRUE_owned"	"CnfFormula"	"CnfFormula"	TRUE	TRUE	""	""
"CnfClause_FALSE_owned"	"|"	"CnfAtom_TRUE_owned"	"CnfClause"	"CnfClause"	TRUE	TRUE	""	""
"CnfClause_FALSE_owned"	"&"	"CnfClause_FALSE_free"	"CnfFormula"	"CnfFormula"	TRUE	TRUE	""	""
"CnfClause_FALSE_owned"	"|"	"CnfClause_FALSE_free"	"CnfClause"	"CnfClause"	TRUE	TRUE	""	""
"CnfClause_FALSE_owned"	"&"	"CnfClause_FALSE_owned"	"CnfFormula"	"CnfFormula"	TRUE	TRUE	""	""
"CnfClause_FALSE_owned"	"|"	"CnfClause_FALSE_owned"	"CnfClause"	"CnfClause"	TRUE	TRUE	""	""
"CnfClause_FALSE_owned"	"&"	"CnfClause_TRUE_free"	"CnfFormula"	"CnfFormula"	TRUE	TRUE	""	""
"CnfClause_FALSE_owned"	"|"	"CnfClause_TRUE_free"	"CnfClause"	"CnfClause"	TRUE	TRUE	""	""
"CnfClause_FALSE_owned"	"&"	"CnfClause_TRUE_owned"	"CnfFormula"	"CnfFormula"	TRUE	TRUE	""	""
"CnfClause_FALSE_owned"	"|"	"CnfClause_TRUE_owned"	"CnfClause"	"CnfClause"	TRUE	TRUE	""	""
"CnfClause_FALSE_owned"	"&"	"CnfFormula_FALSE_free"	"CnfFormula"	"CnfFormula"	TRUE	TRUE	""	""
"CnfClause_FALSE_owned"	"|"	"CnfFormula_FALSE_free"	"CnfFormula"	"CnfFormula"	TRUE	TRUE	""	""
"CnfClause_FALSE_owned"	"&"	"CnfFormula_FALSE_owned"	"CnfFormula"	"CnfFormula"	TRUE	TRUE	""	""
"CnfClause_FALSE_owned"	"|"	"CnfFormula_FALSE_owned"	"CnfFormula"	"CnfFormula"	TRUE	TRUE	""	""
"CnfClause_FALSE_owned"	"&"	"CnfFormula_TRUE_free"	"CnfFormula"	"CnfFormula"	TRUE	TRUE	""	""
"CnfClause_FALSE_owned"	"|"	"CnfFormula_TRUE_free"	"CnfFormula"	"CnfFormula"	TRUE	TRUE	""	""
"CnfClause_FALSE_owned"	"&"	"CnfFormula_TRUE_owned"	"CnfFormula"	"CnfFormula"	TRUE	TRUE	""	""
"CnfClause_FALSE_owned"	"|"	"CnfFormula_TRUE_owned"	"CnfFormula"	"CnfFormula"	TRUE	TRUE	""	""
"CnfClause_TRUE_free"	"&"	"atom"	"CnfFormula"	"CnfFormula"	TRUE	TRUE	""	""
"CnfClause_TRUE_free"	"|"	"atom"	"CnfClause"	"CnfClause"	TRUE	TRUE	""	""
"CnfClause_TRUE_free"	"&"	"clause"	"CnfFormula"	"CnfFormula"	TRUE	TRUE	""	""
"CnfClause_TRUE_free"	"|"	"clause"	"CnfClause"	"CnfClause"	TRUE	TRUE	""	""
"CnfClause_TRUE_free"	"&"	"formula"	"CnfFormula"	"CnfFormula"	TRUE	TRUE	""	""
"CnfClause_TRUE_free"	"|"	"formula"	"CnfFormula"	"CnfFormula"	TRUE	TRUE	""	""
"CnfClause_TRUE_free"	"&"	"raw_true"	"CnfFormula"	"CnfFormula"	TRUE	TRUE	""	""
"CnfClause_TRUE_free"	"|"	"raw_true"	"CnfClause"	"CnfClause"	TRUE	TRUE	""	""
"CnfClause_TRUE_free"	"&"	"raw_false"	"CnfFormula"	"CnfFormula"	TRUE	TRUE	""	""
"CnfClause_TRUE_free"	"|"	"raw_false"	"CnfClause"	"CnfClause"	TRUE	TRUE	""	""
"CnfClause_TRUE_free"	"&"	"CnfAtom_FALSE_free"	"CnfFormula"	"CnfFormula"	TRUE	TRUE	""	""
"CnfClause_TRUE_free"	"|"	"CnfAtom_FALSE_free"	"CnfClause"	"CnfClause"	TRUE	TRUE	""	""
"CnfClause_TRUE_free"	"&"	"CnfAtom_FALSE_owned"	"CnfFormula"	"CnfFormula"	TRUE	TRUE	""	""
"CnfClause_TRUE_free"	"|"	"CnfAtom_FALSE_owned"	"CnfClause"	"CnfClause"	TRUE	TRUE	""	""
"CnfClause_TRUE_free"	"&"	"CnfAtom_TRUE_free"	"CnfFormula"	"CnfFormula"	TRUE	TRUE	""	""
"CnfClause_TRUE_free"	"|"	"CnfAtom_TRUE_free"	"CnfClause"	"CnfClause"	TRUE	TRUE	""	""
"CnfClause_TRUE_free"	"&"	"CnfAtom_TRUE_owned"	"CnfFormula"	"CnfFormula"	TRUE	TRUE	""	""
"CnfClause_TRUE_free"	"|"	"CnfAtom_TRUE_owned"	"CnfClause"	"CnfClause"	TRUE	TRUE	""	""
"CnfClause_TRUE_free"	"&"	"CnfClause_FALSE_free"	"CnfFormula"	"CnfFormula"	TRUE	TRUE	""	""
"CnfClause_TRUE_free"	"|"	"CnfClause_FALSE_free"	"CnfClause"	"CnfClause"	TRUE	TRUE	""	""
"CnfClause_TRUE_free"	"&"	"CnfClause_FALSE_owned"	"CnfFormula"	"CnfFormula"	TRUE	TRUE	""	""
"CnfClause_TRUE_free"	"|"	"CnfClause_FALSE_owned"	"CnfClause"	"CnfClause"	TRUE	TRUE	""	""
"CnfClause_TRUE_free"	"&"	"CnfClause_TRUE_free"	"CnfFormula"	"CnfFormula"	TRUE	TRUE	""	""
"CnfClause_TRUE_free"	"|"	"CnfClause_TRUE_free"	"CnfClause"	"CnfClause"	TRUE	TRUE	""	""
"CnfClause_TRUE_free"	"&"	"CnfClause_TRUE_owned"	"CnfFormula"	"CnfFormula"	TRUE	TRUE	""	""
"CnfClause_TRUE_free"	"|"	"CnfClause_TRUE_owned"	"CnfClause"	"CnfClause"	TRUE	TRUE	""	""
"CnfClause_TRUE_free"	"&"	"CnfFormula_FALSE_free"	"CnfFormula"	"CnfFormula"	TRUE	TRUE	""	""
"CnfClause_TRUE_free"	"|"	"CnfFormula_FALSE_free"	"CnfFormula"	"CnfFormula"	TRUE	TRUE	""	""
"CnfClause_TRUE_free"	"&"	"CnfFormula_FALSE_owned"	"CnfFormula"	"CnfFormula"	TRUE	TRUE	""	""
"CnfClause_TRUE_free"	"|"	"CnfFormula_FALSE_owned"	"CnfFormula"	"CnfFormula"	TRUE	TRUE	""	""
"CnfClause_TRUE_free"	"&"	"CnfFormula_TRUE_free"	"CnfFormula"	"CnfFormula"	TRUE	TRUE	""	""
"CnfClause_TRUE_free"	"|"	"CnfFormula_TRUE_free"	"CnfFormula"	"CnfFormula"	TRUE	TRUE	""	""
"CnfClause_TRUE_free"	"&"	"CnfFormula_TRUE_owned"	"CnfFormula"	"CnfFormula"	TRUE	TRUE	""	""
"CnfClause_TRUE_free"	"|"	"CnfFormula_TRUE_owned"	"CnfFormula"	"CnfFormula"	TRUE	TRUE	""	""
"CnfClause_TRUE_owned"	"&"	"atom"	"CnfFormula"	"CnfFormula"	TRUE	TRUE	""	""
"CnfClause_TRUE_owned"	"|"	"atom"	"CnfClause"	"CnfClause"	TRUE	TRUE	""	""
"CnfClause_TRUE_owned"	"&"	"clause"	"CnfFormula"	"CnfFormula"	TRUE	TRUE	""	""
"CnfClause_TRUE_owned"	"|"	"clause"	"CnfClause"	"CnfClause"	TRUE	TRUE	""	""
"CnfClause_TRUE_owned"	"&"	"formula"	"CnfFormula"	"CnfFormula"	TRUE	TRUE	""	""
"CnfClause_TRUE_owned"	"|"	"formula"	"CnfFormula"	"CnfFormula"	TRUE	TRUE	""	""
"CnfClause_TRUE_owned"	"&"	"raw_true"	"CnfFormula"	"CnfFormula"	TRUE	TRUE	""	""
"CnfClause_TRUE_owned"	"|"	"raw_true"	"CnfClause"	"CnfClause"	TRUE	TRUE	""	""
"CnfClause_TRUE_owned"	"&"	"raw_false"	"CnfFormula"	"CnfFormula"	TRUE	TRUE	""	""
"CnfClause_TRUE_owned"	"|"	"raw_false"	"CnfClause"	"CnfClause"	TRUE	TRUE	""	""
"CnfClause_TRUE_owned"	"&"	"CnfAtom_FALSE_free"	"CnfFormula"	"CnfFormula"	TRUE	TRUE	""	""
"CnfClause_TRUE_owned"	"|"	"CnfAtom_FALSE_free"	"CnfClause"	"CnfClause"	TRUE	TRUE	""	""
"CnfClause_TRUE_owned"	"&"	"CnfAtom_FALSE_owned"	"CnfFormula"	"CnfFormula"	TRUE	TRUE	""	""
"CnfClause_TRUE_owned"	"|"	"CnfAtom_FALSE_owned"	"CnfClause"	"CnfClause"	TRUE	TRUE	""	""
"CnfClause_TRUE_owned"	"&"	"CnfAtom_TRUE_free"	"CnfFormula"	"CnfFormula"	TRUE	TRUE	""	""
"CnfClause_TRUE_owned"	"|"	"CnfAtom_TRUE_free"	"CnfClause"	"CnfClause"	TRUE	TRUE	""	""
"CnfClause_TRUE_owned"	"&"	"CnfAtom_TRUE_owned"	"CnfFormula"	"CnfFormula"	TRUE	TRUE	""	""
"CnfClause_TRUE_owned"	"|"	"CnfAtom_TRUE_owned"	"CnfClause"	"CnfClause"	TRUE	TRUE	""	""
"CnfClause_TRUE_owned"	"&"	"CnfClause_FALSE_free"	"CnfFormula"	"CnfFormula"	TRUE	TRUE	""	""
"CnfClause_TRUE_owned"	"|"	"CnfClause_FALSE_free"	"CnfClause"	"CnfClause"	TRUE	TRUE	""	""
"CnfClause_TRUE_owned"	"&"	"CnfClause_FALSE_owned"	"CnfFormula"	"CnfFormula"	TRUE	TRUE	""	""
"CnfClause_TRUE_owned"	"|"	"CnfClause_FALSE_owned"	"CnfClause"	"CnfClause"	TRUE	TRUE	""	""
"CnfClause_TRUE_owned"	"&"	"CnfClause_TRUE_free"	"CnfFormula"	"CnfFormula"	TRUE	TRUE	""	""
"CnfClause_TRUE_owned"	"|"	"CnfClause_TRUE_free"	"CnfClause"	"CnfClause"	TRUE	TRUE	""	""
"CnfClause_TRUE_owned"	"&"	"CnfClause_TRUE_owned"	"CnfFormula"	"CnfFormula"	TRUE	TRUE	""	""
"CnfClause_TRUE_owned"	"|"	"CnfClause_TRUE_owned"	"CnfClause"	"CnfClause"	TRUE	TRUE	""	""
"CnfClause_TRUE_owned"	"&"	"CnfFormula_FALSE_free"	"CnfFormula"	"CnfFormula"	TRUE	TRUE	""	""
"CnfClause_TRUE_owned"	"|"	"CnfFormula_FALSE_free"	"CnfFormula"	"CnfFormula"	TRUE	TRUE	""	""
"CnfClause_TRUE_owned"	"&"	"CnfFormula_FALSE_owned"	"CnfFormula"	"CnfFormula"	TRUE	TRUE	""	""
"CnfClause_TRUE_owned"	"|"	"CnfFormula_FALSE_owned"	"CnfFormula"	"CnfFormula"	TRUE	TRUE	""	""
"CnfClause_TRUE_owned"	"&"	"CnfFormula_TRUE_free"	"CnfFormula"	"CnfFormula"	TRUE	TRUE	""	""
"CnfClause_TRUE_owned"	"|"	"CnfFormula_TRUE_free"	"CnfFormula"	"CnfFormula"	TRUE	TRUE	""	""
"CnfClause_TRUE_owned"	"&"	"CnfFormula_TRUE_owned"	"CnfFormula"	"CnfFormula"	TRUE	TRUE	""	""
"CnfClause_TRUE_owned"	"|"	"CnfFormula_TRUE_owned"	"CnfFormula"	"CnfFormula"	TRUE	TRUE	""	""
"CnfFormula_FALSE_free"	"&"	"atom"	"CnfFormula"	"CnfFormula"	TRUE	TRUE	""	""
"CnfFormula_FALSE_free"	"|"	"atom"	"CnfFormula"	"CnfFormula"	TRUE	TRUE	""	""
"CnfFormula_FALSE_free"	"&"	"clause"	"CnfFormula"	"CnfFormula"	TRUE	TRUE	""	""
"CnfFormula_FALSE_free"	"|"	"clause"	"CnfFormula"	"CnfFormula"	TRUE	TRUE	""	""
"CnfFormula_FALSE_free"	"&"	"formula"	"CnfFormula"	"CnfFormula"	TRUE	TRUE	""	""
"CnfFormula_FALSE_free"	"|"	"formula"	"CnfFormula"	"CnfFormula"	TRUE	TRUE	""	""
"CnfFormula_FALSE_free"	"&"	"raw_true"	"CnfFormula"	"CnfFormula"	TRUE	TRUE	""	""
"CnfFormula_FALSE_free"	"|"	"raw_true"	"CnfFormula"	"CnfFormula"	TRUE	TRUE	""	""
"CnfFormula_FALSE_free"	"&"	"raw_false"	"CnfFormula"	"CnfFormula"	TRUE	TRUE	""	""
"CnfFormula_FALSE_free"	"|"	"raw_false"	"CnfFormula"	"CnfFormula"	TRUE	TRUE	""	""
"CnfFormula_FALSE_free"	"&"	"CnfAtom_FALSE_free"	"CnfFormula"	"CnfFormula"	TRUE	TRUE	""	""
"CnfFormula_FALSE_free"	"|"	"CnfAtom_FALSE_free"	"CnfFormula"	"CnfFormula"	TRUE	TRUE	""	""
"CnfFormula_FALSE_free"	"&"	"CnfAtom_FALSE_owned"	"CnfFormula"	"CnfFormula"	TRUE	TRUE	""	""
"CnfFormula_FALSE_free"	"|"	"CnfAtom_FALSE_owned"	"CnfFormula"	"CnfFormula"	TRUE	TRUE	""	""
"CnfFormula_FALSE_free"	"&"	"CnfAtom_TRUE_free"	"CnfFormula"	"CnfFormula"	TRUE	TRUE	""	""
"CnfFormula_FALSE_free"	"|"	"CnfAtom_TRUE_free"	"CnfFormula"	"CnfFormula"	TRUE	TRUE	""	""
"CnfFormula_FALSE_free"	"&"	"CnfAtom_TRUE_owned"	"CnfFormula"	"CnfFormula"	TRUE	TRUE	""	""
"CnfFormula_FALSE_free"	"|"	"CnfAtom_TRUE_owned"	"CnfFormula"	"CnfFormula"	TRUE	TRUE	""	""
"CnfFormula_FALSE_free"	"&"	"CnfClause_FALSE_free"	"CnfFormula"	"CnfFormula"	TRUE	TRUE	""	""
"CnfFormula_FALSE_free"	"|"	"CnfClause_FALSE_free"	"CnfFormula"	"CnfFormula"	TRUE	TRUE	""	""
"CnfFormula_FALSE_free"	"&"	"CnfClause_FALSE_owned"	"CnfFormula"	"CnfFormula"	TRUE	TRUE	""	""
"CnfFormula_FALSE_free"	"|"	"CnfClause_FALSE_owned"	"CnfFormula"	"CnfFormula"	TRUE	TRUE	""	""
"CnfFormula_FALSE_free"	"&"	"CnfClause_TRUE_free"	"CnfFormula"	"CnfFormula"	TRUE	TRUE	""	""
"CnfFormula_FALSE_free"	"|"	"CnfClause_TRUE_free"	"CnfFormula"	"CnfFormula"	TRUE	TRUE	""	""
"CnfFormula_FALSE_free"	"&"	"CnfClause_TRUE_owned"	"CnfFormula"	"CnfFormula"	TRUE	TRUE	""	""
"CnfFormula_FALSE_free"	"|"	"CnfClause_TRUE_owned"	"CnfFormula"	"CnfFormula"	TRUE	TRUE	""	""
"CnfFormula_FALSE_free"	"&"	"CnfFormula_FALSE_free"	"CnfFormula"	"CnfFormula"	TRUE	TRUE	""	""
"CnfFormula_FALSE_free"	"|"	"CnfFormula_FALSE_free"	"CnfFormula"	"CnfFormula"	TRUE	TRUE	""	""
"CnfFormula_FALSE_free"	"&"	"CnfFormula_FALSE_owned"	"CnfFormula"	"CnfFormula"	TRUE	TRUE	""	""
"CnfFormula_FALSE_free"	"|"	"CnfFormula_FALSE_owned"	"CnfFormula"	"CnfFormula"	TRUE	TRUE	""	""
"CnfFormula_FALSE_free"	"&"	"CnfFormula_TRUE_free"	"CnfFormula"	"CnfFormula"	TRUE	TRUE	""	""
"CnfFormula_FALSE_free"	"|"	"CnfFormula_TRUE_free"	"CnfFormula"	"CnfFormula"	TRUE	TRUE	""	""
"CnfFormula_FALSE_free"	"&"	"CnfFormula_TRUE_owned"	"CnfFormula"	"CnfFormula"	TRUE	TRUE	""	""
"CnfFormula_FALSE_free"	"|"	"CnfFormula_TRUE_owned"	"CnfFormula"	"CnfFormula"	TRUE	TRUE	""	""
"CnfFormula_FALSE_owned"	"&"	"atom"	"CnfFormula"	"CnfFormula"	TRUE	TRUE	""	""
"CnfFormula_FALSE_owned"	"|"	"atom"	"CnfFormula"	"CnfFormula"	TRUE	TRUE	""	""
"CnfFormula_FALSE_owned"	"&"	"clause"	"CnfFormula"	"CnfFormula"	TRUE	TRUE	""	""
"CnfFormula_FALSE_owned"	"|"	"clause"	"CnfFormula"	"CnfFormula"	TRUE	TRUE	""	""
"CnfFormula_FALSE_owned"	"&"	"formula"	"CnfFormula"	"CnfFormula"	TRUE	TRUE	""	""
"CnfFormula_FALSE_owned"	"|"	"formula"	"CnfFormula"	"CnfFormula"	TRUE	TRUE	""	""
"CnfFormula_FALSE_owned"	"&"	"raw_true"	"CnfFormula"	"CnfFormula"	TRUE	TRUE	""	""
"CnfFormula_FALSE_owned"	"|"	"raw_true"	"CnfFormula"	"CnfFormula"	TRUE	TRUE	""	""
"CnfFormula_FALSE_owned"	"&"	"raw_false"	"CnfFormula"	"CnfFormula"	TRUE	TRUE	""	""
"CnfFormula_FALSE_owned"	"|"	"raw_false"	"CnfFormula"	"CnfFormula"	TRUE	TRUE	""	""
"CnfFormula_FALSE_owned"	"&"	"CnfAtom_FALSE_free"	"CnfFormula"	"CnfFormula"	TRUE	TRUE	""	""
"CnfFormula_FALSE_owned"	"|"	"CnfAtom_FALSE_free"	"CnfFormula"	"CnfFormula"	TRUE	TRUE	""	""
"CnfFormula_FALSE_owned"	"&"	"CnfAtom_FALSE_owned"	"CnfFormula"	"CnfFormula"	TRUE	TRUE	""	""
"CnfFormula_FALSE_owned"	"|"	"CnfAtom_FALSE_owned"	"CnfFormula"	"CnfFormula"	TRUE	TRUE	""	""
"CnfFormula_FALSE_owned"	"&"	"CnfAtom_TRUE_free"	"CnfFormula"	"CnfFormula"	TRUE	TRUE	""	""
"CnfFormula_FALSE_owned"	"|"	"CnfAtom_TRUE_free"	"CnfFormula"	"CnfFormula"	TRUE	TRUE	""	""
"CnfFormula_FALSE_owned"	"&"	"CnfAtom_TRUE_owned"	"CnfFormula"	"CnfFormula"	TRUE	TRUE	""	""
"CnfFormula_FALSE_owned"	"|"	"CnfAtom_TRUE_owned"	"CnfFormula"	"CnfFormula"	TRUE	TRUE	""	""
"CnfFormula_FALSE_owned"	"&"	"CnfClause_FALSE_free"	"CnfFormula"	"CnfFormula"	TRUE	TRUE	""	""
"CnfFormula_FALSE_owned"	"|"	"CnfClause_FALSE_free"	"CnfFormula"	"CnfFormula"	TRUE	TRUE	""	""
"CnfFormula_FALSE_owned"	"&"	"CnfClause_FALSE_owned"	"CnfFormula"	"CnfFormula"	TRUE	TRUE	""	""
"CnfFormula_FALSE_owned"	"|"	"CnfClause_FALSE_owned"	"CnfFormula"	"CnfFormula"	TRUE	TRUE	""	""
"CnfFormula_FALSE_owned"	"&"	"CnfClause_TRUE_free"	"CnfFormula"	"CnfFormula"	TRUE	TRUE	""	""
"CnfFormula_FALSE_owned"	"|"	"CnfClause_TRUE_free"	"CnfFormula"	"CnfFormula"	TRUE	TRUE	""	""
"CnfFormula_FALSE_owned"	"&"	"CnfClause_TRUE_owned"	"CnfFormula"	"CnfFormula"	TRUE	TRUE	""	""
"CnfFormula_FALSE_owned"	"|"	"CnfClause_TRUE_owned"	"CnfFormula"	"CnfFormula"	TRUE	TRUE	""	""
"CnfFormula_FALSE_owned"	"&"	"CnfFormula_FALSE_free"	"CnfFormula"	"CnfFormula"	TRUE	TRUE	""	""
"CnfFormula_FALSE_owned"	"|"	"CnfFormula_FALSE_free"	"CnfFormula"	"CnfFormula"	TRUE	TRUE	""	""
"CnfFormula_FALSE_owned"	"&"	"CnfFormula_FALSE_owned"	"CnfFormula"	"CnfFormula"	TRUE	TRUE	""	""
"CnfFormula_FALSE_owned"	"|"	"CnfFormula_FALSE_owned"	"CnfFormula"	"CnfFormula"	TRUE	TRUE	""	""
"CnfFormula_FALSE_owned"	"&"	"CnfFormula_TRUE_free"	"CnfFormula"	"CnfFormula"	TRUE	TRUE	""	""
"CnfFormula_FALSE_owned"	"|"	"CnfFormula_TRUE_free"	"CnfFormula"	"CnfFormula"	TRUE	TRUE	""	""
"CnfFormula_FALSE_owned"	"&"	"CnfFormula_TRUE_owned"	"CnfFormula"	"CnfFormula"	TRUE	TRUE	""	""
"CnfFormula_FALSE_owned"	"|"	"CnfFormula_TRUE_owned"	"CnfFormula"	"CnfFormula"	TRUE	TRUE	""	""
"CnfFormula_TRUE_free"	"&"	"atom"	"CnfFormula"	"CnfFormula"	TRUE	TRUE	""	""
"CnfFormula_TRUE_free"	"|"	"atom"	"CnfFormula"	"CnfFormula"	TRUE	TRUE	""	""
"CnfFormula_TRUE_free"	"&"	"clause"	"CnfFormula"	"CnfFormula"	TRUE	TRUE	""	""
"CnfFormula_TRUE_free"	"|"	"clause"	"CnfFormula"	"CnfFormula"	TRUE	TRUE	""	""
"CnfFormula_TRUE_free"	"&"	"formula"	"CnfFormula"	"CnfFormula"	TRUE	TRUE	""	""
"CnfFormula_TRUE_free"	"|"	"formula"	"CnfFormula"	"CnfFormula"	TRUE	TRUE	""	""
"CnfFormula_TRUE_free"	"&"	"raw_true"	"CnfFormula"	"CnfFormula"	TRUE	TRUE	""	""
"CnfFormula_TRUE_free"	"|"	"raw_true"	"CnfFormula"	"CnfFormula"	TRUE	TRUE	""	""
"CnfFormula_TRUE_free"	"&"	"raw_false"	"CnfFormula"	"CnfFormula"	TRUE	TRUE	""	""
"CnfFormula_TRUE_free"	"|"	"raw_false"	"CnfFormula"	"CnfFormula"	TRUE	TRUE	""	""
"CnfFormula_TRUE_free"	"&"	"CnfAtom_FALSE_free"	"CnfFormula"	"CnfFormula"	TRUE	TRUE	""	""
"CnfFormula_TRUE_free"	"|"	"CnfAtom_FALSE_free"	"CnfFormula"	"CnfFormula"	TRUE	TRUE	""	""
"CnfFormula_TRUE_free"	"&"	"CnfAtom_FALSE_owned"	"CnfFormula"	"CnfFormula"	TRUE	TRUE	""	""
"CnfFormula_TRUE_free"	"|"	"CnfAtom_FALSE_owned"	"CnfFormula"	"CnfFormula"	TRUE	TRUE	""	""
"CnfFormula_TRUE_free"	"&"	"CnfAtom_TRUE_free"	"CnfFormula"	"CnfFormula"	TRUE	TRUE	""	""
"CnfFormula_TRUE_free"	"|"	"CnfAtom_TRUE_free"	"CnfFormula"	"CnfFormula"	TRUE	TRUE	""	""
"CnfFormula_TRUE_free"	"&"	"CnfAtom_TRUE_owned"	"CnfFormula"	"CnfFormula"	TRUE	TRUE	""	""
"CnfFormula_TRUE_free"	"|"	"CnfAtom_TRUE_owned"	"CnfFormula"	"CnfFormula"	TRUE	TRUE	""	""
"CnfFormula_TRUE_free"	"&"	"CnfClause_FALSE_free"	"CnfFormula"	"CnfFormula"	TRUE	TRUE	""	""
"CnfFormula_TRUE_free"	"|"	"CnfClause_FALSE_free"	"CnfFormula"	"CnfFormula"	TRUE	TRUE	""	""
"CnfFormula_TRUE_free"	"&"	"CnfClause_FALSE_owned"	"CnfFormula"	"CnfFormula"	TRUE	TRUE	""	""
"CnfFormula_TRUE_free"	"|"	"CnfClause_FALSE_owned"	"CnfFormula"	"CnfFormula"	TRUE	TRUE	""	""
"CnfFormula_TRUE_free"	"&"	"CnfClause_TRUE_free"	"CnfFormula"	"CnfFormula"	TRUE	TRUE	""	""
"CnfFormula_TRUE_free"	"|"	"CnfClause_TRUE_free"	"CnfFormula"	"CnfFormula"	TRUE	TRUE	""	""
"CnfFormula_TRUE_free"	"&"	"CnfClause_TRUE_owned"	"CnfFormula"	"CnfFormula"	TRUE	TRUE	""	""
"CnfFormula_TRUE_free"	"|"	"CnfClause_TRUE_owned"	"CnfFormula"	"CnfFormula"	TRUE	TRUE	""	""
"CnfFormula_TRUE_free"	"&"	"CnfFormula_FALSE_free"	"CnfFormula"	"CnfFormula"	TRUE	TRUE	""	""
"CnfFormula_TRUE_free"	"|"	"CnfFormula_FALSE_free"	"CnfFormula"	"CnfFormula"	TRUE	TRUE	""	""
"CnfFormula_TRUE_free"	"&"	"CnfFormula_FALSE_owned"	"CnfFormula"	"CnfFormula"	TRUE	TRUE	""	""
"CnfFormula_TRUE_free"	"|"	"CnfFormula_FALSE_owned"	"CnfFormula"	"CnfFormula"	TRUE	TRUE	""	""
"CnfFormula_TRUE_free"	"&"	"CnfFormula_TRUE_free"	"CnfFormula"	"CnfFormula"	TRUE	TRUE	""	""
"CnfFormula_TRUE_free"	"|"	"CnfFormula_TRUE_free"	"CnfFormula"	"CnfFormula"	TRUE	TRUE	""	""
"CnfFormula_TRUE_free"	"&"	"CnfFormula_TRUE_owned"	"CnfFormula"	"CnfFormula"	TRUE	TRUE	""	""
"CnfFormula_TRUE_free"	"|"	"CnfFormula_TRUE_owned"	"CnfFormula"	"CnfFormula"	TRUE	TRUE	""	""
"CnfFormula_TRUE_owned"	"&"	"atom"	"CnfFormula"	"CnfFormula"	TRUE	TRUE	""	""
"CnfFormula_TRUE_owned"	"|"	"atom"	"CnfFormula"	"CnfFormula"	TRUE	TRUE	""	""
"CnfFormula_TRUE_owned"	"&"	"clause"	"CnfFormula"	"CnfFormula"	TRUE	TRUE	""	""
"CnfFormula_TRUE_owned"	"|"	"clause"	"CnfFormula"	"CnfFormula"	TRUE	TRUE	""	""
"CnfFormula_TRUE_owned"	"&"	"formula"	"CnfFormula"	"CnfFormula"	TRUE	TRUE	""	""
"CnfFormula_TRUE_owned"	"|"	"formula"	"CnfFormula"	"CnfFormula"	TRUE	TRUE	""	""
"CnfFormula_TRUE_owned"	"&"	"raw_true"	"CnfFormula"	"CnfFormula"	TRUE	TRUE	""	""
"CnfFormula_TRUE_owned"	"|"	"raw_true"	"CnfFormula"	"CnfFormula"	TRUE	TRUE	""	""
"CnfFormula_TRUE_owned"	"&"	"raw_false"	"CnfFormula"	"CnfFormula"	TRUE	TRUE	""	""
"CnfFormula_TRUE_owned"	"|"	"raw_false"	"CnfFormula"	"CnfFormula"	TRUE	TRUE	""	""
"CnfFormula_TRUE_owned"	"&"	"CnfAtom_FALSE_free"	"CnfFormula"	"CnfFormula"	TRUE	TRUE	""	""
"CnfFormula_TRUE_owned"	"|"	"CnfAtom_FALSE_free"	"CnfFormula"	"CnfFormula"	TRUE	TRUE	""	""
"CnfFormula_TRUE_owned"	"&"	"CnfAtom_FALSE_owned"	"CnfFormula"	"CnfFormula"	TRUE	TRUE	""	""
"CnfFormula_TRUE_owned"	"|"	"CnfAtom_FALSE_owned"	"CnfFormula"	"CnfFormula"	TRUE	TRUE	""	""
"CnfFormula_TRUE_owned"	"&"	"CnfAtom_TRUE_free"	"CnfFormula"	"CnfFormula"	TRUE	TRUE	""	""
"CnfFormula_TRUE_owned"	"|"	"CnfAtom_TRUE_free"	"CnfFormula"	"CnfFormula"	TRUE	TRUE	""	""
"CnfFormula_TRUE_owned"	"&"	"CnfAtom_TRUE_owned"	"CnfFormula"	"CnfFormula"	TRUE	TRUE	""	""
"CnfFormula_TRUE_owned"	"|"	"CnfAtom_TRUE_owned"	"CnfFormula"	"CnfFormula"	TRUE	TRUE	""	""
"CnfFormula_TRUE_owned"	"&"	"CnfClause_FALSE_free"	"CnfFormula"	"CnfFormula"	TRUE	TRUE	""	""
"CnfFormula_TRUE_owned"	"|"	"CnfClause_FALSE_free"	"CnfFormula"	"CnfFormula"	TRUE	TRUE	""	""
"CnfFormula_TRUE_owned"	"&"	"CnfClause_FALSE_owned"	"CnfFormula"	"CnfFormula"	TRUE	TRUE	""	""
"CnfFormula_TRUE_owned"	"|"	"CnfClause_FALSE_owned"	"CnfFormula"	"CnfFormula"	TRUE	TRUE	""	""
"CnfFormula_TRUE_owned"	"&"	"CnfClause_TRUE_free"	"CnfFormula"	"CnfFormula"	TRUE	TRUE	""	""
"CnfFormula_TRUE_owned"	"|"	"CnfClause_TRUE_free"	"CnfFormula"	"CnfFormula"	TRUE	TRUE	""	""
"CnfFormula_TRUE_owned"	"&"	"CnfClause_TRUE_owned"	"CnfFormula"	"CnfFormula"	TRUE	TRUE	""	""
"CnfFormula_TRUE_owned"	"|"	"CnfClause_TRUE_owned"	"CnfFormula"	"CnfFormula"	TRUE	TRUE	""	""
"CnfFormula_TRUE_owned"	"&"	"CnfFormula_FALSE_free"	"CnfFormula"	"CnfFormula"	TRUE	TRUE	""	""
"CnfFormula_TRUE_owned"	"|"	"CnfFormula_FALSE_free"	"CnfFormula"	"CnfFormula"	TRUE	TRUE	""	""
"CnfFormula_TRUE_owned"	"&"	"CnfFormula_FALSE_owned"	"CnfFormula"	"CnfFormula"	TRUE	TRUE	""	""
"CnfFormula_TRUE_owned"	"|"	"CnfFormula_FALSE_owned"	"CnfFormula"	"CnfFormula"	TRUE	TRUE	""	""
"CnfFormula_TRUE_owned"	"&"	"CnfFormula_TRUE_free"	"CnfFormula"	"CnfFormula"	TRUE	TRUE	""	""
"CnfFormula_TRUE_owned"	"|"	"CnfFormula_TRUE_free"	"CnfFormula"	"CnfFormula"	TRUE	TRUE	""	""
"CnfFormula_TRUE_owned"	"&"	"CnfFormula_TRUE_owned"	"CnfFormula"	"CnfFormula"	TRUE	TRUE	""	""
"CnfFormula_TRUE_owned"	"|"	"CnfFormula_TRUE_owned"	"CnfFormula"	"CnfFormula"	TRUE	TRUE	""	""
